date,year,month,day,day_of_week,day_name,week_of_year,quarter,is_weekend,is_month_start,is_month_end,is_holiday,is_promotion,event_name,is_back_to_school,is_holiday_season
2022-01-01,2022,1,1,5,Saturday,52,1,1,1,0,1,0,New Year,,
2022-01-02,2022,1,2,6,Sunday,52,1,1,0,0,0,0,,,
2022-01-03,2022,1,3,0,Monday,1,1,0,0,0,0,0,,,
2022-01-04,2022,1,4,1,Tuesday,1,1,0,0,0,0,0,,,
2022-01-05,2022,1,5,2,Wednesday,1,1,0,0,0,0,0,,,
2022-01-06,2022,1,6,3,Thursday,1,1,0,0,0,0,0,,,
2022-01-07,2022,1,7,4,Friday,1,1,0,0,0,0,0,,,
2022-01-08,2022,1,8,5,Saturday,1,1,1,0,0,0,0,,,
2022-01-09,2022,1,9,6,Sunday,1,1,1,0,0,0,0,,,
2022-01-10,2022,1,10,0,Monday,2,1,0,0,0,0,0,,,
2022-01-11,2022,1,11,1,Tuesday,2,1,0,0,0,0,0,,,
2022-01-12,2022,1,12,2,Wednesday,2,1,0,0,0,0,0,,,
2022-01-13,2022,1,13,3,Thursday,2,1,0,0,0,0,0,,,
2022-01-14,2022,1,14,4,Friday,2,1,0,0,0,0,0,,,
2022-01-15,2022,1,15,5,Saturday,2,1,1,0,0,0,0,,,
2022-01-16,2022,1,16,6,Sunday,2,1,1,0,0,0,0,,,
2022-01-17,2022,1,17,0,Monday,3,1,0,0,0,0,0,,,
2022-01-18,2022,1,18,1,Tuesday,3,1,0,0,0,0,0,,,
2022-01-19,2022,1,19,2,Wednesday,3,1,0,0,0,0,0,,,
2022-01-20,2022,1,20,3,Thursday,3,1,0,0,0,0,0,,,
2022-01-21,2022,1,21,4,Friday,3,1,0,0,0,0,0,,,
2022-01-22,2022,1,22,5,Saturday,3,1,1,0,0,0,0,,,
2022-01-23,2022,1,23,6,Sunday,3,1,1,0,0,0,0,,,
2022-01-24,2022,1,24,0,Monday,4,1,0,0,0,0,0,,,
2022-01-25,2022,1,25,1,Tuesday,4,1,0,0,0,0,0,,,
2022-01-26,2022,1,26,2,Wednesday,4,1,0,0,0,0,0,,,
2022-01-27,2022,1,27,3,Thursday,4,1,0,0,0,0,0,,,
2022-01-28,2022,1,28,4,Friday,4,1,0,0,0,0,0,,,
2022-01-29,2022,1,29,5,Saturday,4,1,1,0,0,0,0,,,
2022-01-30,2022,1,30,6,Sunday,4,1,1,0,0,0,0,,,
2022-01-31,2022,1,31,0,Monday,5,1,0,0,1,0,0,,,
2022-02-01,2022,2,1,1,Tuesday,5,1,0,1,0,0,0,,,
2022-02-02,2022,2,2,2,Wednesday,5,1,0,0,0,0,0,,,
2022-02-03,2022,2,3,3,Thursday,5,1,0,0,0,0,0,,,
2022-02-04,2022,2,4,4,Friday,5,1,0,0,0,0,0,,,
2022-02-05,2022,2,5,5,Saturday,5,1,1,0,0,0,0,,,
2022-02-06,2022,2,6,6,Sunday,5,1,1,0,0,0,0,,,
2022-02-07,2022,2,7,0,Monday,6,1,0,0,0,0,0,,,
2022-02-08,2022,2,8,1,Tuesday,6,1,0,0,0,0,0,,,
2022-02-09,2022,2,9,2,Wednesday,6,1,0,0,0,0,0,,,
2022-02-10,2022,2,10,3,Thursday,6,1,0,0,0,0,0,,,
2022-02-11,2022,2,11,4,Friday,6,1,0,0,0,0,0,,,
2022-02-12,2022,2,12,5,Saturday,6,1,1,0,0,0,0,,,
2022-02-13,2022,2,13,6,Sunday,6,1,1,0,0,0,0,,,
2022-02-14,2022,2,14,0,Monday,7,1,0,0,0,1,0,Valentine,,
2022-02-15,2022,2,15,1,Tuesday,7,1,0,0,0,0,0,,,
2022-02-16,2022,2,16,2,Wednesday,7,1,0,0,0,0,0,,,
2022-02-17,2022,2,17,3,Thursday,7,1,0,0,0,0,0,,,
2022-02-18,2022,2,18,4,Friday,7,1,0,0,0,0,0,,,
2022-02-19,2022,2,19,5,Saturday,7,1,1,0,0,0,0,,,
2022-02-20,2022,2,20,6,Sunday,7,1,1,0,0,0,0,,,
2022-02-21,2022,2,21,0,Monday,8,1,0,0,0,0,0,,,
2022-02-22,2022,2,22,1,Tuesday,8,1,0,0,0,0,0,,,
2022-02-23,2022,2,23,2,Wednesday,8,1,0,0,0,0,0,,,
2022-02-24,2022,2,24,3,Thursday,8,1,0,0,0,0,0,,,
2022-02-25,2022,2,25,4,Friday,8,1,0,0,0,0,0,,,
2022-02-26,2022,2,26,5,Saturday,8,1,1,0,0,0,0,,,
2022-02-27,2022,2,27,6,Sunday,8,1,1,0,0,0,0,,,
2022-02-28,2022,2,28,0,Monday,9,1,0,0,1,0,0,,,
2022-03-01,2022,3,1,1,Tuesday,9,1,0,1,0,0,0,,,
2022-03-02,2022,3,2,2,Wednesday,9,1,0,0,0,0,0,,,
2022-03-03,2022,3,3,3,Thursday,9,1,0,0,0,0,0,,,
2022-03-04,2022,3,4,4,Friday,9,1,0,0,0,0,0,,,
2022-03-05,2022,3,5,5,Saturday,9,1,1,0,0,0,0,,,
2022-03-06,2022,3,6,6,Sunday,9,1,1,0,0,0,0,,,
2022-03-07,2022,3,7,0,Monday,10,1,0,0,0,0,1,,,
2022-03-08,2022,3,8,1,Tuesday,10,1,0,0,0,0,1,,,
2022-03-09,2022,3,9,2,Wednesday,10,1,0,0,0,0,1,,,
2022-03-10,2022,3,10,3,Thursday,10,1,0,0,0,0,1,,,
2022-03-11,2022,3,11,4,Friday,10,1,0,0,0,0,1,,,
2022-03-12,2022,3,12,5,Saturday,10,1,1,0,0,0,1,,,
2022-03-13,2022,3,13,6,Sunday,10,1,1,0,0,0,1,,,
2022-03-14,2022,3,14,0,Monday,11,1,0,0,0,0,0,,,
2022-03-15,2022,3,15,1,Tuesday,11,1,0,0,0,0,0,,,
2022-03-16,2022,3,16,2,Wednesday,11,1,0,0,0,0,0,,,
2022-03-17,2022,3,17,3,Thursday,11,1,0,0,0,0,0,,,
2022-03-18,2022,3,18,4,Friday,11,1,0,0,0,0,0,,,
2022-03-19,2022,3,19,5,Saturday,11,1,1,0,0,0,0,,,
2022-03-20,2022,3,20,6,Sunday,11,1,1,0,0,0,0,,,
2022-03-21,2022,3,21,0,Monday,12,1,0,0,0,0,0,,,
2022-03-22,2022,3,22,1,Tuesday,12,1,0,0,0,0,0,,,
2022-03-23,2022,3,23,2,Wednesday,12,1,0,0,0,0,0,,,
2022-03-24,2022,3,24,3,Thursday,12,1,0,0,0,0,0,,,
2022-03-25,2022,3,25,4,Friday,12,1,0,0,0,0,0,,,
2022-03-26,2022,3,26,5,Saturday,12,1,1,0,0,0,0,,,
2022-03-27,2022,3,27,6,Sunday,12,1,1,0,0,0,0,,,
2022-03-28,2022,3,28,0,Monday,13,1,0,0,0,0,0,,,
2022-03-29,2022,3,29,1,Tuesday,13,1,0,0,0,0,0,,,
2022-03-30,2022,3,30,2,Wednesday,13,1,0,0,0,0,0,,,
2022-03-31,2022,3,31,3,Thursday,13,1,0,0,1,0,0,,,
2022-04-01,2022,4,1,4,Friday,13,2,0,1,0,0,0,,,
2022-04-02,2022,4,2,5,Saturday,13,2,1,0,0,0,0,,,
2022-04-03,2022,4,3,6,Sunday,13,2,1,0,0,0,0,,,
2022-04-04,2022,4,4,0,Monday,14,2,0,0,0,0,0,,,
2022-04-05,2022,4,5,1,Tuesday,14,2,0,0,0,0,0,,,
2022-04-06,2022,4,6,2,Wednesday,14,2,0,0,0,0,0,,,
2022-04-07,2022,4,7,3,Thursday,14,2,0,0,0,0,0,,,
2022-04-08,2022,4,8,4,Friday,14,2,0,0,0,0,0,,,
2022-04-09,2022,4,9,5,Saturday,14,2,1,0,0,1,0,Easter,,
2022-04-10,2022,4,10,6,Sunday,14,2,1,0,0,0,0,,,
2022-04-11,2022,4,11,0,Monday,15,2,0,0,0,0,0,,,
2022-04-12,2022,4,12,1,Tuesday,15,2,0,0,0,0,0,,,
2022-04-13,2022,4,13,2,Wednesday,15,2,0,0,0,0,0,,,
2022-04-14,2022,4,14,3,Thursday,15,2,0,0,0,0,0,,,
2022-04-15,2022,4,15,4,Friday,15,2,0,0,0,0,0,,,
2022-04-16,2022,4,16,5,Saturday,15,2,1,0,0,0,0,,,
2022-04-17,2022,4,17,6,Sunday,15,2,1,0,0,1,0,Easter,,
2022-04-18,2022,4,18,0,Monday,16,2,0,0,0,0,0,,,
2022-04-19,2022,4,19,1,Tuesday,16,2,0,0,0,0,0,,,
2022-04-20,2022,4,20,2,Wednesday,16,2,0,0,0,0,0,,,
2022-04-21,2022,4,21,3,Thursday,16,2,0,0,0,0,0,,,
2022-04-22,2022,4,22,4,Friday,16,2,0,0,0,0,0,,,
2022-04-23,2022,4,23,5,Saturday,16,2,1,0,0,0,0,,,
2022-04-24,2022,4,24,6,Sunday,16,2,1,0,0,0,0,,,
2022-04-25,2022,4,25,0,Monday,17,2,0,0,0,0,0,,,
2022-04-26,2022,4,26,1,Tuesday,17,2,0,0,0,0,0,,,
2022-04-27,2022,4,27,2,Wednesday,17,2,0,0,0,0,0,,,
2022-04-28,2022,4,28,3,Thursday,17,2,0,0,0,0,0,,,
2022-04-29,2022,4,29,4,Friday,17,2,0,0,0,0,0,,,
2022-04-30,2022,4,30,5,Saturday,17,2,1,0,1,0,0,,,
2022-05-01,2022,5,1,6,Sunday,17,2,1,1,0,0,0,,,
2022-05-02,2022,5,2,0,Monday,18,2,0,0,0,0,1,,,
2022-05-03,2022,5,3,1,Tuesday,18,2,0,0,0,0,1,,,
2022-05-04,2022,5,4,2,Wednesday,18,2,0,0,0,0,1,,,
2022-05-05,2022,5,5,3,Thursday,18,2,0,0,0,0,1,,,
2022-05-06,2022,5,6,4,Friday,18,2,0,0,0,0,1,,,
2022-05-07,2022,5,7,5,Saturday,18,2,1,0,0,0,1,,,
2022-05-08,2022,5,8,6,Sunday,18,2,1,0,0,0,1,,,
2022-05-09,2022,5,9,0,Monday,19,2,0,0,0,0,0,,,
2022-05-10,2022,5,10,1,Tuesday,19,2,0,0,0,0,0,,,
2022-05-11,2022,5,11,2,Wednesday,19,2,0,0,0,0,0,,,
2022-05-12,2022,5,12,3,Thursday,19,2,0,0,0,0,0,,,
2022-05-13,2022,5,13,4,Friday,19,2,0,0,0,0,0,,,
2022-05-14,2022,5,14,5,Saturday,19,2,1,0,0,0,0,,,
2022-05-15,2022,5,15,6,Sunday,19,2,1,0,0,0,0,,,
2022-05-16,2022,5,16,0,Monday,20,2,0,0,0,0,0,,,
2022-05-17,2022,5,17,1,Tuesday,20,2,0,0,0,0,0,,,
2022-05-18,2022,5,18,2,Wednesday,20,2,0,0,0,0,0,,,
2022-05-19,2022,5,19,3,Thursday,20,2,0,0,0,0,0,,,
2022-05-20,2022,5,20,4,Friday,20,2,0,0,0,0,0,,,
2022-05-21,2022,5,21,5,Saturday,20,2,1,0,0,0,0,,,
2022-05-22,2022,5,22,6,Sunday,20,2,1,0,0,0,0,,,
2022-05-23,2022,5,23,0,Monday,21,2,0,0,0,0,0,,,
2022-05-24,2022,5,24,1,Tuesday,21,2,0,0,0,0,0,,,
2022-05-25,2022,5,25,2,Wednesday,21,2,0,0,0,0,0,,,
2022-05-26,2022,5,26,3,Thursday,21,2,0,0,0,0,0,,,
2022-05-27,2022,5,27,4,Friday,21,2,0,0,0,0,0,,,
2022-05-28,2022,5,28,5,Saturday,21,2,1,0,0,0,0,,,
2022-05-29,2022,5,29,6,Sunday,21,2,1,0,0,1,0,Memorial Day,,
2022-05-30,2022,5,30,0,Monday,22,2,0,0,0,1,0,Memorial Day,,
2022-05-31,2022,5,31,1,Tuesday,22,2,0,0,1,1,0,Memorial Day,,
2022-06-01,2022,6,1,2,Wednesday,22,2,0,1,0,0,0,,,
2022-06-02,2022,6,2,3,Thursday,22,2,0,0,0,0,0,,,
2022-06-03,2022,6,3,4,Friday,22,2,0,0,0,0,0,,,
2022-06-04,2022,6,4,5,Saturday,22,2,1,0,0,0,0,,,
2022-06-05,2022,6,5,6,Sunday,22,2,1,0,0,0,0,,,
2022-06-06,2022,6,6,0,Monday,23,2,0,0,0,0,0,,,
2022-06-07,2022,6,7,1,Tuesday,23,2,0,0,0,0,0,,,
2022-06-08,2022,6,8,2,Wednesday,23,2,0,0,0,0,0,,,
2022-06-09,2022,6,9,3,Thursday,23,2,0,0,0,0,0,,,
2022-06-10,2022,6,10,4,Friday,23,2,0,0,0,0,0,,,
2022-06-11,2022,6,11,5,Saturday,23,2,1,0,0,0,0,,,
2022-06-12,2022,6,12,6,Sunday,23,2,1,0,0,0,0,,,
2022-06-13,2022,6,13,0,Monday,24,2,0,0,0,0,0,,,
2022-06-14,2022,6,14,1,Tuesday,24,2,0,0,0,0,0,,,
2022-06-15,2022,6,15,2,Wednesday,24,2,0,0,0,0,0,,,
2022-06-16,2022,6,16,3,Thursday,24,2,0,0,0,0,0,,,
2022-06-17,2022,6,17,4,Friday,24,2,0,0,0,0,0,,,
2022-06-18,2022,6,18,5,Saturday,24,2,1,0,0,0,0,,,
2022-06-19,2022,6,19,6,Sunday,24,2,1,0,0,0,0,,,
2022-06-20,2022,6,20,0,Monday,25,2,0,0,0,0,0,,,
2022-06-21,2022,6,21,1,Tuesday,25,2,0,0,0,0,0,,,
2022-06-22,2022,6,22,2,Wednesday,25,2,0,0,0,0,0,,,
2022-06-23,2022,6,23,3,Thursday,25,2,0,0,0,0,0,,,
2022-06-24,2022,6,24,4,Friday,25,2,0,0,0,0,0,,,
2022-06-25,2022,6,25,5,Saturday,25,2,1,0,0,0,0,,,
2022-06-26,2022,6,26,6,Sunday,25,2,1,0,0,0,0,,,
2022-06-27,2022,6,27,0,Monday,26,2,0,0,0,0,1,,,
2022-06-28,2022,6,28,1,Tuesday,26,2,0,0,0,0,1,,,
2022-06-29,2022,6,29,2,Wednesday,26,2,0,0,0,0,1,,,
2022-06-30,2022,6,30,3,Thursday,26,2,0,0,1,0,1,,,
2022-07-01,2022,7,1,4,Friday,26,3,0,1,0,0,1,,,
2022-07-02,2022,7,2,5,Saturday,26,3,1,0,0,0,1,,,
2022-07-03,2022,7,3,6,Sunday,26,3,1,0,0,0,1,,,
2022-07-04,2022,7,4,0,Monday,27,3,0,0,0,1,0,Independence Day,,
2022-07-05,2022,7,5,1,Tuesday,27,3,0,0,0,0,0,,,
2022-07-06,2022,7,6,2,Wednesday,27,3,0,0,0,0,0,,,
2022-07-07,2022,7,7,3,Thursday,27,3,0,0,0,0,0,,,
2022-07-08,2022,7,8,4,Friday,27,3,0,0,0,0,0,,,
2022-07-09,2022,7,9,5,Saturday,27,3,1,0,0,0,0,,,
2022-07-10,2022,7,10,6,Sunday,27,3,1,0,0,0,0,,,
2022-07-11,2022,7,11,0,Monday,28,3,0,0,0,0,0,,,
2022-07-12,2022,7,12,1,Tuesday,28,3,0,0,0,0,0,,,
2022-07-13,2022,7,13,2,Wednesday,28,3,0,0,0,0,0,,,
2022-07-14,2022,7,14,3,Thursday,28,3,0,0,0,0,0,,,
2022-07-15,2022,7,15,4,Friday,28,3,0,0,0,0,0,,,
2022-07-16,2022,7,16,5,Saturday,28,3,1,0,0,0,0,,,
2022-07-17,2022,7,17,6,Sunday,28,3,1,0,0,0,0,,,
2022-07-18,2022,7,18,0,Monday,29,3,0,0,0,0,0,,,
2022-07-19,2022,7,19,1,Tuesday,29,3,0,0,0,0,0,,,
2022-07-20,2022,7,20,2,Wednesday,29,3,0,0,0,0,0,,,
2022-07-21,2022,7,21,3,Thursday,29,3,0,0,0,0,0,,,
2022-07-22,2022,7,22,4,Friday,29,3,0,0,0,0,0,,,
2022-07-23,2022,7,23,5,Saturday,29,3,1,0,0,0,0,,,
2022-07-24,2022,7,24,6,Sunday,29,3,1,0,0,0,0,,,
2022-07-25,2022,7,25,0,Monday,30,3,0,0,0,0,0,,,
2022-07-26,2022,7,26,1,Tuesday,30,3,0,0,0,0,0,,,
2022-07-27,2022,7,27,2,Wednesday,30,3,0,0,0,0,0,,,
2022-07-28,2022,7,28,3,Thursday,30,3,0,0,0,0,0,,,
2022-07-29,2022,7,29,4,Friday,30,3,0,0,0,0,0,,,
2022-07-30,2022,7,30,5,Saturday,30,3,1,0,0,0,0,,,
2022-07-31,2022,7,31,6,Sunday,30,3,1,0,1,0,0,,,
2022-08-01,2022,8,1,0,Monday,31,3,0,1,0,0,0,,1.0,
2022-08-02,2022,8,2,1,Tuesday,31,3,0,0,0,0,0,,1.0,
2022-08-03,2022,8,3,2,Wednesday,31,3,0,0,0,0,0,,1.0,
2022-08-04,2022,8,4,3,Thursday,31,3,0,0,0,0,0,,1.0,
2022-08-05,2022,8,5,4,Friday,31,3,0,0,0,0,0,,1.0,
2022-08-06,2022,8,6,5,Saturday,31,3,1,0,0,0,0,,1.0,
2022-08-07,2022,8,7,6,Sunday,31,3,1,0,0,0,0,,1.0,
2022-08-08,2022,8,8,0,Monday,32,3,0,0,0,0,1,,1.0,
2022-08-09,2022,8,9,1,Tuesday,32,3,0,0,0,0,1,,1.0,
2022-08-10,2022,8,10,2,Wednesday,32,3,0,0,0,0,1,,1.0,
2022-08-11,2022,8,11,3,Thursday,32,3,0,0,0,0,1,,1.0,
2022-08-12,2022,8,12,4,Friday,32,3,0,0,0,0,1,,1.0,
2022-08-13,2022,8,13,5,Saturday,32,3,1,0,0,0,1,,1.0,
2022-08-14,2022,8,14,6,Sunday,32,3,1,0,0,0,1,,1.0,
2022-08-15,2022,8,15,0,Monday,33,3,0,0,0,0,1,,1.0,
2022-08-16,2022,8,16,1,Tuesday,33,3,0,0,0,0,1,,1.0,
2022-08-17,2022,8,17,2,Wednesday,33,3,0,0,0,0,1,,1.0,
2022-08-18,2022,8,18,3,Thursday,33,3,0,0,0,0,1,,1.0,
2022-08-19,2022,8,19,4,Friday,33,3,0,0,0,0,1,,1.0,
2022-08-20,2022,8,20,5,Saturday,33,3,1,0,0,0,1,,1.0,
2022-08-21,2022,8,21,6,Sunday,33,3,1,0,0,0,1,,1.0,
2022-08-22,2022,8,22,0,Monday,34,3,0,0,0,0,0,,1.0,
2022-08-23,2022,8,23,1,Tuesday,34,3,0,0,0,0,0,,1.0,
2022-08-24,2022,8,24,2,Wednesday,34,3,0,0,0,0,0,,1.0,
2022-08-25,2022,8,25,3,Thursday,34,3,0,0,0,0,0,,1.0,
2022-08-26,2022,8,26,4,Friday,34,3,0,0,0,0,0,,1.0,
2022-08-27,2022,8,27,5,Saturday,34,3,1,0,0,0,0,,1.0,
2022-08-28,2022,8,28,6,Sunday,34,3,1,0,0,0,0,,1.0,
2022-08-29,2022,8,29,0,Monday,35,3,0,0,0,0,1,,1.0,
2022-08-30,2022,8,30,1,Tuesday,35,3,0,0,0,0,1,,1.0,
2022-08-31,2022,8,31,2,Wednesday,35,3,0,0,1,0,1,,1.0,
2022-09-01,2022,9,1,3,Thursday,35,3,0,1,0,0,1,,1.0,
2022-09-02,2022,9,2,4,Friday,35,3,0,0,0,0,1,,1.0,
2022-09-03,2022,9,3,5,Saturday,35,3,1,0,0,0,1,,1.0,
2022-09-04,2022,9,4,6,Sunday,35,3,1,0,0,1,1,Labor Day,1.0,
2022-09-05,2022,9,5,0,Monday,36,3,0,0,0,1,1,Labor Day,1.0,
2022-09-06,2022,9,6,1,Tuesday,36,3,0,0,0,1,1,Labor Day,1.0,
2022-09-07,2022,9,7,2,Wednesday,36,3,0,0,0,0,1,,1.0,
2022-09-08,2022,9,8,3,Thursday,36,3,0,0,0,0,1,,1.0,
2022-09-09,2022,9,9,4,Friday,36,3,0,0,0,0,1,,1.0,
2022-09-10,2022,9,10,5,Saturday,36,3,1,0,0,0,1,,1.0,
2022-09-11,2022,9,11,6,Sunday,36,3,1,0,0,0,1,,1.0,
2022-09-12,2022,9,12,0,Monday,37,3,0,0,0,0,0,,1.0,
2022-09-13,2022,9,13,1,Tuesday,37,3,0,0,0,0,0,,1.0,
2022-09-14,2022,9,14,2,Wednesday,37,3,0,0,0,0,0,,1.0,
2022-09-15,2022,9,15,3,Thursday,37,3,0,0,0,0,0,,1.0,
2022-09-16,2022,9,16,4,Friday,37,3,0,0,0,0,0,,1.0,
2022-09-17,2022,9,17,5,Saturday,37,3,1,0,0,0,0,,1.0,
2022-09-18,2022,9,18,6,Sunday,37,3,1,0,0,0,0,,1.0,
2022-09-19,2022,9,19,0,Monday,38,3,0,0,0,0,1,,1.0,
2022-09-20,2022,9,20,1,Tuesday,38,3,0,0,0,0,1,,1.0,
2022-09-21,2022,9,21,2,Wednesday,38,3,0,0,0,0,1,,1.0,
2022-09-22,2022,9,22,3,Thursday,38,3,0,0,0,0,1,,1.0,
2022-09-23,2022,9,23,4,Friday,38,3,0,0,0,0,1,,1.0,
2022-09-24,2022,9,24,5,Saturday,38,3,1,0,0,0,1,,1.0,
2022-09-25,2022,9,25,6,Sunday,38,3,1,0,0,0,1,,1.0,
2022-09-26,2022,9,26,0,Monday,39,3,0,0,0,0,1,,1.0,
2022-09-27,2022,9,27,1,Tuesday,39,3,0,0,0,0,1,,1.0,
2022-09-28,2022,9,28,2,Wednesday,39,3,0,0,0,0,1,,1.0,
2022-09-29,2022,9,29,3,Thursday,39,3,0,0,0,0,1,,1.0,
2022-09-30,2022,9,30,4,Friday,39,3,0,0,1,0,1,,1.0,
2022-10-01,2022,10,1,5,Saturday,39,4,1,1,0,0,1,,,
2022-10-02,2022,10,2,6,Sunday,39,4,1,0,0,0,1,,,
2022-10-03,2022,10,3,0,Monday,40,4,0,0,0,0,1,,,
2022-10-04,2022,10,4,1,Tuesday,40,4,0,0,0,0,1,,,
2022-10-05,2022,10,5,2,Wednesday,40,4,0,0,0,0,1,,,
2022-10-06,2022,10,6,3,Thursday,40,4,0,0,0,0,1,,,
2022-10-07,2022,10,7,4,Friday,40,4,0,0,0,0,1,,,
2022-10-08,2022,10,8,5,Saturday,40,4,1,0,0,0,1,,,
2022-10-09,2022,10,9,6,Sunday,40,4,1,0,0,0,1,,,
2022-10-10,2022,10,10,0,Monday,41,4,0,0,0,0,0,,,
2022-10-11,2022,10,11,1,Tuesday,41,4,0,0,0,0,0,,,
2022-10-12,2022,10,12,2,Wednesday,41,4,0,0,0,0,0,,,
2022-10-13,2022,10,13,3,Thursday,41,4,0,0,0,0,0,,,
2022-10-14,2022,10,14,4,Friday,41,4,0,0,0,0,0,,,
2022-10-15,2022,10,15,5,Saturday,41,4,1,0,0,0,0,,,
2022-10-16,2022,10,16,6,Sunday,41,4,1,0,0,0,0,,,
2022-10-17,2022,10,17,0,Monday,42,4,0,0,0,0,0,,,
2022-10-18,2022,10,18,1,Tuesday,42,4,0,0,0,0,0,,,
2022-10-19,2022,10,19,2,Wednesday,42,4,0,0,0,0,0,,,
2022-10-20,2022,10,20,3,Thursday,42,4,0,0,0,0,0,,,
2022-10-21,2022,10,21,4,Friday,42,4,0,0,0,0,0,,,
2022-10-22,2022,10,22,5,Saturday,42,4,1,0,0,0,0,,,
2022-10-23,2022,10,23,6,Sunday,42,4,1,0,0,0,0,,,
2022-10-24,2022,10,24,0,Monday,43,4,0,0,0,0,1,,,
2022-10-25,2022,10,25,1,Tuesday,43,4,0,0,0,0,1,,,
2022-10-26,2022,10,26,2,Wednesday,43,4,0,0,0,0,1,,,
2022-10-27,2022,10,27,3,Thursday,43,4,0,0,0,0,1,,,
2022-10-28,2022,10,28,4,Friday,43,4,0,0,0,0,1,,,
2022-10-29,2022,10,29,5,Saturday,43,4,1,0,0,0,1,,,
2022-10-30,2022,10,30,6,Sunday,43,4,1,0,0,0,1,,,
2022-10-31,2022,10,31,0,Monday,44,4,0,0,1,1,0,Halloween,,
2022-11-01,2022,11,1,1,Tuesday,44,4,0,1,0,0,0,,,1.0
2022-11-02,2022,11,2,2,Wednesday,44,4,0,0,0,0,0,,,1.0
2022-11-03,2022,11,3,3,Thursday,44,4,0,0,0,0,0,,,1.0
2022-11-04,2022,11,4,4,Friday,44,4,0,0,0,0,0,,,1.0
2022-11-05,2022,11,5,5,Saturday,44,4,1,0,0,0,0,,,1.0
2022-11-06,2022,11,6,6,Sunday,44,4,1,0,0,0,0,,,1.0
2022-11-07,2022,11,7,0,Monday,45,4,0,0,0,0,0,,,1.0
2022-11-08,2022,11,8,1,Tuesday,45,4,0,0,0,0,0,,,1.0
2022-11-09,2022,11,9,2,Wednesday,45,4,0,0,0,0,0,,,1.0
2022-11-10,2022,11,10,3,Thursday,45,4,0,0,0,0,0,,,1.0
2022-11-11,2022,11,11,4,Friday,45,4,0,0,0,0,0,,,1.0
2022-11-12,2022,11,12,5,Saturday,45,4,1,0,0,0,0,,,1.0
2022-11-13,2022,11,13,6,Sunday,45,4,1,0,0,0,0,,,1.0
2022-11-14,2022,11,14,0,Monday,46,4,0,0,0,0,0,,,1.0
2022-11-15,2022,11,15,1,Tuesday,46,4,0,0,0,0,0,,,1.0
2022-11-16,2022,11,16,2,Wednesday,46,4,0,0,0,0,0,,,1.0
2022-11-17,2022,11,17,3,Thursday,46,4,0,0,0,0,0,,,1.0
2022-11-18,2022,11,18,4,Friday,46,4,0,0,0,0,0,,,1.0
2022-11-19,2022,11,19,5,Saturday,46,4,1,0,0,0,0,,,1.0
2022-11-20,2022,11,20,6,Sunday,46,4,1,0,0,0,0,,,1.0
2022-11-21,2022,11,21,0,Monday,47,4,0,0,0,0,0,,,1.0
2022-11-22,2022,11,22,1,Tuesday,47,4,0,0,0,0,0,,,1.0
2022-11-23,2022,11,23,2,Wednesday,47,4,0,0,0,1,0,Thanksgiving,,1.0
2022-11-24,2022,11,24,3,Thursday,47,4,0,0,0,1,0,Black Friday,,1.0
2022-11-25,2022,11,25,4,Friday,47,4,0,0,0,1,0,Black Friday,,1.0
2022-11-26,2022,11,26,5,Saturday,47,4,1,0,0,0,0,,,1.0
2022-11-27,2022,11,27,6,Sunday,47,4,1,0,0,1,0,Cyber Monday,,1.0
2022-11-28,2022,11,28,0,Monday,48,4,0,0,0,1,0,Cyber Monday,,1.0
2022-11-29,2022,11,29,1,Tuesday,48,4,0,0,0,0,0,,,1.0
2022-11-30,2022,11,30,2,Wednesday,48,4,0,0,1,0,0,,,1.0
2022-12-01,2022,12,1,3,Thursday,48,4,0,1,0,0,0,,,1.0
2022-12-02,2022,12,2,4,Friday,48,4,0,0,0,0,0,,,1.0
2022-12-03,2022,12,3,5,Saturday,48,4,1,0,0,0,0,,,1.0
2022-12-04,2022,12,4,6,Sunday,48,4,1,0,0,0,0,,,1.0
2022-12-05,2022,12,5,0,Monday,49,4,0,0,0,0,0,,,1.0
2022-12-06,2022,12,6,1,Tuesday,49,4,0,0,0,0,0,,,1.0
2022-12-07,2022,12,7,2,Wednesday,49,4,0,0,0,0,0,,,1.0
2022-12-08,2022,12,8,3,Thursday,49,4,0,0,0,0,0,,,1.0
2022-12-09,2022,12,9,4,Friday,49,4,0,0,0,0,0,,,1.0
2022-12-10,2022,12,10,5,Saturday,49,4,1,0,0,0,0,,,1.0
2022-12-11,2022,12,11,6,Sunday,49,4,1,0,0,0,0,,,1.0
2022-12-12,2022,12,12,0,Monday,50,4,0,0,0,0,0,,,1.0
2022-12-13,2022,12,13,1,Tuesday,50,4,0,0,0,0,0,,,1.0
2022-12-14,2022,12,14,2,Wednesday,50,4,0,0,0,0,0,,,1.0
2022-12-15,2022,12,15,3,Thursday,50,4,0,0,0,0,0,,,1.0
2022-12-16,2022,12,16,4,Friday,50,4,0,0,0,0,0,,,1.0
2022-12-17,2022,12,17,5,Saturday,50,4,1,0,0,0,0,,,1.0
2022-12-18,2022,12,18,6,Sunday,50,4,1,0,0,0,0,,,1.0
2022-12-19,2022,12,19,0,Monday,51,4,0,0,0,0,0,,,1.0
2022-12-20,2022,12,20,1,Tuesday,51,4,0,0,0,0,0,,,1.0
2022-12-21,2022,12,21,2,Wednesday,51,4,0,0,0,0,0,,,1.0
2022-12-22,2022,12,22,3,Thursday,51,4,0,0,0,0,0,,,1.0
2022-12-23,2022,12,23,4,Friday,51,4,0,0,0,0,0,,,1.0
2022-12-24,2022,12,24,5,Saturday,51,4,1,0,0,1,0,Christmas,,1.0
2022-12-25,2022,12,25,6,Sunday,51,4,1,0,0,1,0,Christmas,,1.0
2022-12-26,2022,12,26,0,Monday,52,4,0,0,0,1,0,Christmas,,1.0
2022-12-27,2022,12,27,1,Tuesday,52,4,0,0,0,0,0,,,1.0
2022-12-28,2022,12,28,2,Wednesday,52,4,0,0,0,0,0,,,1.0
2022-12-29,2022,12,29,3,Thursday,52,4,0,0,0,0,0,,,1.0
2022-12-30,2022,12,30,4,Friday,52,4,0,0,0,0,0,,,1.0
2022-12-31,2022,12,31,5,Saturday,52,4,1,0,1,0,0,,,1.0
2023-01-01,2023,1,1,6,Sunday,52,1,1,1,0,1,0,New Year,,
2023-01-02,2023,1,2,0,Monday,1,1,0,0,0,0,1,,,
2023-01-03,2023,1,3,1,Tuesday,1,1,0,0,0,0,1,,,
2023-01-04,2023,1,4,2,Wednesday,1,1,0,0,0,0,1,,,
2023-01-05,2023,1,5,3,Thursday,1,1,0,0,0,0,1,,,
2023-01-06,2023,1,6,4,Friday,1,1,0,0,0,0,1,,,
2023-01-07,2023,1,7,5,Saturday,1,1,1,0,0,0,1,,,
2023-01-08,2023,1,8,6,Sunday,1,1,1,0,0,0,1,,,
2023-01-09,2023,1,9,0,Monday,2,1,0,0,0,0,0,,,
2023-01-10,2023,1,10,1,Tuesday,2,1,0,0,0,0,0,,,
2023-01-11,2023,1,11,2,Wednesday,2,1,0,0,0,0,0,,,
2023-01-12,2023,1,12,3,Thursday,2,1,0,0,0,0,0,,,
2023-01-13,2023,1,13,4,Friday,2,1,0,0,0,0,0,,,
2023-01-14,2023,1,14,5,Saturday,2,1,1,0,0,0,0,,,
2023-01-15,2023,1,15,6,Sunday,2,1,1,0,0,0,0,,,
2023-01-16,2023,1,16,0,Monday,3,1,0,0,0,0,0,,,
2023-01-17,2023,1,17,1,Tuesday,3,1,0,0,0,0,0,,,
2023-01-18,2023,1,18,2,Wednesday,3,1,0,0,0,0,0,,,
2023-01-19,2023,1,19,3,Thursday,3,1,0,0,0,0,0,,,
2023-01-20,2023,1,20,4,Friday,3,1,0,0,0,0,0,,,
2023-01-21,2023,1,21,5,Saturday,3,1,1,0,0,0,0,,,
2023-01-22,2023,1,22,6,Sunday,3,1,1,0,0,0,0,,,
2023-01-23,2023,1,23,0,Monday,4,1,0,0,0,0,1,,,
2023-01-24,2023,1,24,1,Tuesday,4,1,0,0,0,0,1,,,
2023-01-25,2023,1,25,2,Wednesday,4,1,0,0,0,0,1,,,
2023-01-26,2023,1,26,3,Thursday,4,1,0,0,0,0,1,,,
2023-01-27,2023,1,27,4,Friday,4,1,0,0,0,0,1,,,
2023-01-28,2023,1,28,5,Saturday,4,1,1,0,0,0,1,,,
2023-01-29,2023,1,29,6,Sunday,4,1,1,0,0,0,1,,,
2023-01-30,2023,1,30,0,Monday,5,1,0,0,0,0,1,,,
2023-01-31,2023,1,31,1,Tuesday,5,1,0,0,1,0,1,,,
2023-02-01,2023,2,1,2,Wednesday,5,1,0,1,0,0,1,,,
2023-02-02,2023,2,2,3,Thursday,5,1,0,0,0,0,1,,,
2023-02-03,2023,2,3,4,Friday,5,1,0,0,0,0,1,,,
2023-02-04,2023,2,4,5,Saturday,5,1,1,0,0,0,1,,,
2023-02-05,2023,2,5,6,Sunday,5,1,1,0,0,0,1,,,
2023-02-06,2023,2,6,0,Monday,6,1,0,0,0,0,0,,,
2023-02-07,2023,2,7,1,Tuesday,6,1,0,0,0,0,0,,,
2023-02-08,2023,2,8,2,Wednesday,6,1,0,0,0,0,0,,,
2023-02-09,2023,2,9,3,Thursday,6,1,0,0,0,0,0,,,
2023-02-10,2023,2,10,4,Friday,6,1,0,0,0,0,0,,,
2023-02-11,2023,2,11,5,Saturday,6,1,1,0,0,0,0,,,
2023-02-12,2023,2,12,6,Sunday,6,1,1,0,0,0,0,,,
2023-02-13,2023,2,13,0,Monday,7,1,0,0,0,0,0,,,
2023-02-14,2023,2,14,1,Tuesday,7,1,0,0,0,1,0,Valentine,,
2023-02-15,2023,2,15,2,Wednesday,7,1,0,0,0,0,0,,,
2023-02-16,2023,2,16,3,Thursday,7,1,0,0,0,0,0,,,
2023-02-17,2023,2,17,4,Friday,7,1,0,0,0,0,0,,,
2023-02-18,2023,2,18,5,Saturday,7,1,1,0,0,0,0,,,
2023-02-19,2023,2,19,6,Sunday,7,1,1,0,0,0,0,,,
2023-02-20,2023,2,20,0,Monday,8,1,0,0,0,0,0,,,
2023-02-21,2023,2,21,1,Tuesday,8,1,0,0,0,0,0,,,
2023-02-22,2023,2,22,2,Wednesday,8,1,0,0,0,0,0,,,
2023-02-23,2023,2,23,3,Thursday,8,1,0,0,0,0,0,,,
2023-02-24,2023,2,24,4,Friday,8,1,0,0,0,0,0,,,
2023-02-25,2023,2,25,5,Saturday,8,1,1,0,0,0,0,,,
2023-02-26,2023,2,26,6,Sunday,8,1,1,0,0,0,0,,,
2023-02-27,2023,2,27,0,Monday,9,1,0,0,0,0,0,,,
2023-02-28,2023,2,28,1,Tuesday,9,1,0,0,1,0,0,,,
2023-03-01,2023,3,1,2,Wednesday,9,1,0,1,0,0,0,,,
2023-03-02,2023,3,2,3,Thursday,9,1,0,0,0,0,0,,,
2023-03-03,2023,3,3,4,Friday,9,1,0,0,0,0,0,,,
2023-03-04,2023,3,4,5,Saturday,9,1,1,0,0,0,0,,,
2023-03-05,2023,3,5,6,Sunday,9,1,1,0,0,0,0,,,
2023-03-06,2023,3,6,0,Monday,10,1,0,0,0,0,0,,,
2023-03-07,2023,3,7,1,Tuesday,10,1,0,0,0,0,0,,,
2023-03-08,2023,3,8,2,Wednesday,10,1,0,0,0,0,0,,,
2023-03-09,2023,3,9,3,Thursday,10,1,0,0,0,0,0,,,
2023-03-10,2023,3,10,4,Friday,10,1,0,0,0,0,0,,,
2023-03-11,2023,3,11,5,Saturday,10,1,1,0,0,0,0,,,
2023-03-12,2023,3,12,6,Sunday,10,1,1,0,0,0,0,,,
2023-03-13,2023,3,13,0,Monday,11,1,0,0,0,0,0,,,
2023-03-14,2023,3,14,1,Tuesday,11,1,0,0,0,0,0,,,
2023-03-15,2023,3,15,2,Wednesday,11,1,0,0,0,0,0,,,
2023-03-16,2023,3,16,3,Thursday,11,1,0,0,0,0,0,,,
2023-03-17,2023,3,17,4,Friday,11,1,0,0,0,0,0,,,
2023-03-18,2023,3,18,5,Saturday,11,1,1,0,0,0,0,,,
2023-03-19,2023,3,19,6,Sunday,11,1,1,0,0,0,0,,,
2023-03-20,2023,3,20,0,Monday,12,1,0,0,0,0,0,,,
2023-03-21,2023,3,21,1,Tuesday,12,1,0,0,0,0,0,,,
2023-03-22,2023,3,22,2,Wednesday,12,1,0,0,0,0,0,,,
2023-03-23,2023,3,23,3,Thursday,12,1,0,0,0,0,0,,,
2023-03-24,2023,3,24,4,Friday,12,1,0,0,0,0,0,,,
2023-03-25,2023,3,25,5,Saturday,12,1,1,0,0,0,0,,,
2023-03-26,2023,3,26,6,Sunday,12,1,1,0,0,0,0,,,
2023-03-27,2023,3,27,0,Monday,13,1,0,0,0,0,0,,,
2023-03-28,2023,3,28,1,Tuesday,13,1,0,0,0,0,0,,,
2023-03-29,2023,3,29,2,Wednesday,13,1,0,0,0,0,0,,,
2023-03-30,2023,3,30,3,Thursday,13,1,0,0,0,0,0,,,
2023-03-31,2023,3,31,4,Friday,13,1,0,0,1,0,0,,,
2023-04-01,2023,4,1,5,Saturday,13,2,1,1,0,0,0,,,
2023-04-02,2023,4,2,6,Sunday,13,2,1,0,0,0,0,,,
2023-04-03,2023,4,3,0,Monday,14,2,0,0,0,0,0,,,
2023-04-04,2023,4,4,1,Tuesday,14,2,0,0,0,0,0,,,
2023-04-05,2023,4,5,2,Wednesday,14,2,0,0,0,0,0,,,
2023-04-06,2023,4,6,3,Thursday,14,2,0,0,0,0,0,,,
2023-04-07,2023,4,7,4,Friday,14,2,0,0,0,0,0,,,
2023-04-08,2023,4,8,5,Saturday,14,2,1,0,0,0,0,,,
2023-04-09,2023,4,9,6,Sunday,14,2,1,0,0,1,0,Easter,,
2023-04-10,2023,4,10,0,Monday,15,2,0,0,0,0,0,,,
2023-04-11,2023,4,11,1,Tuesday,15,2,0,0,0,0,0,,,
2023-04-12,2023,4,12,2,Wednesday,15,2,0,0,0,0,0,,,
2023-04-13,2023,4,13,3,Thursday,15,2,0,0,0,0,0,,,
2023-04-14,2023,4,14,4,Friday,15,2,0,0,0,0,0,,,
2023-04-15,2023,4,15,5,Saturday,15,2,1,0,0,0,0,,,
2023-04-16,2023,4,16,6,Sunday,15,2,1,0,0,0,0,,,
2023-04-17,2023,4,17,0,Monday,16,2,0,0,0,1,0,Easter,,
2023-04-18,2023,4,18,1,Tuesday,16,2,0,0,0,0,0,,,
2023-04-19,2023,4,19,2,Wednesday,16,2,0,0,0,0,0,,,
2023-04-20,2023,4,20,3,Thursday,16,2,0,0,0,0,0,,,
2023-04-21,2023,4,21,4,Friday,16,2,0,0,0,0,0,,,
2023-04-22,2023,4,22,5,Saturday,16,2,1,0,0,0,0,,,
2023-04-23,2023,4,23,6,Sunday,16,2,1,0,0,0,0,,,
2023-04-24,2023,4,24,0,Monday,17,2,0,0,0,0,0,,,
2023-04-25,2023,4,25,1,Tuesday,17,2,0,0,0,0,0,,,
2023-04-26,2023,4,26,2,Wednesday,17,2,0,0,0,0,0,,,
2023-04-27,2023,4,27,3,Thursday,17,2,0,0,0,0,0,,,
2023-04-28,2023,4,28,4,Friday,17,2,0,0,0,0,0,,,
2023-04-29,2023,4,29,5,Saturday,17,2,1,0,0,0,0,,,
2023-04-30,2023,4,30,6,Sunday,17,2,1,0,1,0,0,,,
2023-05-01,2023,5,1,0,Monday,18,2,0,1,0,0,0,,,
2023-05-02,2023,5,2,1,Tuesday,18,2,0,0,0,0,0,,,
2023-05-03,2023,5,3,2,Wednesday,18,2,0,0,0,0,0,,,
2023-05-04,2023,5,4,3,Thursday,18,2,0,0,0,0,0,,,
2023-05-05,2023,5,5,4,Friday,18,2,0,0,0,0,0,,,
2023-05-06,2023,5,6,5,Saturday,18,2,1,0,0,0,0,,,
2023-05-07,2023,5,7,6,Sunday,18,2,1,0,0,0,0,,,
2023-05-08,2023,5,8,0,Monday,19,2,0,0,0,0,0,,,
2023-05-09,2023,5,9,1,Tuesday,19,2,0,0,0,0,0,,,
2023-05-10,2023,5,10,2,Wednesday,19,2,0,0,0,0,0,,,
2023-05-11,2023,5,11,3,Thursday,19,2,0,0,0,0,0,,,
2023-05-12,2023,5,12,4,Friday,19,2,0,0,0,0,0,,,
2023-05-13,2023,5,13,5,Saturday,19,2,1,0,0,0,0,,,
2023-05-14,2023,5,14,6,Sunday,19,2,1,0,0,0,0,,,
2023-05-15,2023,5,15,0,Monday,20,2,0,0,0,0,0,,,
2023-05-16,2023,5,16,1,Tuesday,20,2,0,0,0,0,0,,,
2023-05-17,2023,5,17,2,Wednesday,20,2,0,0,0,0,0,,,
2023-05-18,2023,5,18,3,Thursday,20,2,0,0,0,0,0,,,
2023-05-19,2023,5,19,4,Friday,20,2,0,0,0,0,0,,,
2023-05-20,2023,5,20,5,Saturday,20,2,1,0,0,0,0,,,
2023-05-21,2023,5,21,6,Sunday,20,2,1,0,0,0,0,,,
2023-05-22,2023,5,22,0,Monday,21,2,0,0,0,0,1,,,
2023-05-23,2023,5,23,1,Tuesday,21,2,0,0,0,0,1,,,
2023-05-24,2023,5,24,2,Wednesday,21,2,0,0,0,0,1,,,
2023-05-25,2023,5,25,3,Thursday,21,2,0,0,0,0,1,,,
2023-05-26,2023,5,26,4,Friday,21,2,0,0,0,0,1,,,
2023-05-27,2023,5,27,5,Saturday,21,2,1,0,0,0,1,,,
2023-05-28,2023,5,28,6,Sunday,21,2,1,0,0,0,1,,,
2023-05-29,2023,5,29,0,Monday,22,2,0,0,0,1,0,Memorial Day,,
2023-05-30,2023,5,30,1,Tuesday,22,2,0,0,0,1,0,Memorial Day,,
2023-05-31,2023,5,31,2,Wednesday,22,2,0,0,1,1,0,Memorial Day,,
2023-06-01,2023,6,1,3,Thursday,22,2,0,1,0,0,0,,,
2023-06-02,2023,6,2,4,Friday,22,2,0,0,0,0,0,,,
2023-06-03,2023,6,3,5,Saturday,22,2,1,0,0,0,0,,,
2023-06-04,2023,6,4,6,Sunday,22,2,1,0,0,0,0,,,
2023-06-05,2023,6,5,0,Monday,23,2,0,0,0,0,1,,,
2023-06-06,2023,6,6,1,Tuesday,23,2,0,0,0,0,1,,,
2023-06-07,2023,6,7,2,Wednesday,23,2,0,0,0,0,1,,,
2023-06-08,2023,6,8,3,Thursday,23,2,0,0,0,0,1,,,
2023-06-09,2023,6,9,4,Friday,23,2,0,0,0,0,1,,,
2023-06-10,2023,6,10,5,Saturday,23,2,1,0,0,0,1,,,
2023-06-11,2023,6,11,6,Sunday,23,2,1,0,0,0,1,,,
2023-06-12,2023,6,12,0,Monday,24,2,0,0,0,0,1,,,
2023-06-13,2023,6,13,1,Tuesday,24,2,0,0,0,0,1,,,
2023-06-14,2023,6,14,2,Wednesday,24,2,0,0,0,0,1,,,
2023-06-15,2023,6,15,3,Thursday,24,2,0,0,0,0,1,,,
2023-06-16,2023,6,16,4,Friday,24,2,0,0,0,0,1,,,
2023-06-17,2023,6,17,5,Saturday,24,2,1,0,0,0,1,,,
2023-06-18,2023,6,18,6,Sunday,24,2,1,0,0,0,1,,,
2023-06-19,2023,6,19,0,Monday,25,2,0,0,0,0,1,,,
2023-06-20,2023,6,20,1,Tuesday,25,2,0,0,0,0,1,,,
2023-06-21,2023,6,21,2,Wednesday,25,2,0,0,0,0,1,,,
2023-06-22,2023,6,22,3,Thursday,25,2,0,0,0,0,1,,,
2023-06-23,2023,6,23,4,Friday,25,2,0,0,0,0,1,,,
2023-06-24,2023,6,24,5,Saturday,25,2,1,0,0,0,1,,,
2023-06-25,2023,6,25,6,Sunday,25,2,1,0,0,0,1,,,
2023-06-26,2023,6,26,0,Monday,26,2,0,0,0,0,0,,,
2023-06-27,2023,6,27,1,Tuesday,26,2,0,0,0,0,0,,,
2023-06-28,2023,6,28,2,Wednesday,26,2,0,0,0,0,0,,,
2023-06-29,2023,6,29,3,Thursday,26,2,0,0,0,0,0,,,
2023-06-30,2023,6,30,4,Friday,26,2,0,0,1,0,0,,,
2023-07-01,2023,7,1,5,Saturday,26,3,1,1,0,0,0,,,
2023-07-02,2023,7,2,6,Sunday,26,3,1,0,0,0,0,,,
2023-07-03,2023,7,3,0,Monday,27,3,0,0,0,0,0,,,
2023-07-04,2023,7,4,1,Tuesday,27,3,0,0,0,1,0,Independence Day,,
2023-07-05,2023,7,5,2,Wednesday,27,3,0,0,0,0,0,,,
2023-07-06,2023,7,6,3,Thursday,27,3,0,0,0,0,0,,,
2023-07-07,2023,7,7,4,Friday,27,3,0,0,0,0,0,,,
2023-07-08,2023,7,8,5,Saturday,27,3,1,0,0,0,0,,,
2023-07-09,2023,7,9,6,Sunday,27,3,1,0,0,0,0,,,
2023-07-10,2023,7,10,0,Monday,28,3,0,0,0,0,0,,,
2023-07-11,2023,7,11,1,Tuesday,28,3,0,0,0,0,0,,,
2023-07-12,2023,7,12,2,Wednesday,28,3,0,0,0,0,0,,,
2023-07-13,2023,7,13,3,Thursday,28,3,0,0,0,0,0,,,
2023-07-14,2023,7,14,4,Friday,28,3,0,0,0,0,0,,,
2023-07-15,2023,7,15,5,Saturday,28,3,1,0,0,0,0,,,
2023-07-16,2023,7,16,6,Sunday,28,3,1,0,0,0,0,,,
2023-07-17,2023,7,17,0,Monday,29,3,0,0,0,0,0,,,
2023-07-18,2023,7,18,1,Tuesday,29,3,0,0,0,0,0,,,
2023-07-19,2023,7,19,2,Wednesday,29,3,0,0,0,0,0,,,
2023-07-20,2023,7,20,3,Thursday,29,3,0,0,0,0,0,,,
2023-07-21,2023,7,21,4,Friday,29,3,0,0,0,0,0,,,
2023-07-22,2023,7,22,5,Saturday,29,3,1,0,0,0,0,,,
2023-07-23,2023,7,23,6,Sunday,29,3,1,0,0,0,0,,,
2023-07-24,2023,7,24,0,Monday,30,3,0,0,0,0,0,,,
2023-07-25,2023,7,25,1,Tuesday,30,3,0,0,0,0,0,,,
2023-07-26,2023,7,26,2,Wednesday,30,3,0,0,0,0,0,,,
2023-07-27,2023,7,27,3,Thursday,30,3,0,0,0,0,0,,,
2023-07-28,2023,7,28,4,Friday,30,3,0,0,0,0,0,,,
2023-07-29,2023,7,29,5,Saturday,30,3,1,0,0,0,0,,,
2023-07-30,2023,7,30,6,Sunday,30,3,1,0,0,0,0,,,
2023-07-31,2023,7,31,0,Monday,31,3,0,0,1,0,1,,,
2023-08-01,2023,8,1,1,Tuesday,31,3,0,1,0,0,1,,1.0,
2023-08-02,2023,8,2,2,Wednesday,31,3,0,0,0,0,1,,1.0,
2023-08-03,2023,8,3,3,Thursday,31,3,0,0,0,0,1,,1.0,
2023-08-04,2023,8,4,4,Friday,31,3,0,0,0,0,1,,1.0,
2023-08-05,2023,8,5,5,Saturday,31,3,1,0,0,0,1,,1.0,
2023-08-06,2023,8,6,6,Sunday,31,3,1,0,0,0,1,,1.0,
2023-08-07,2023,8,7,0,Monday,32,3,0,0,0,0,0,,1.0,
2023-08-08,2023,8,8,1,Tuesday,32,3,0,0,0,0,0,,1.0,
2023-08-09,2023,8,9,2,Wednesday,32,3,0,0,0,0,0,,1.0,
2023-08-10,2023,8,10,3,Thursday,32,3,0,0,0,0,0,,1.0,
2023-08-11,2023,8,11,4,Friday,32,3,0,0,0,0,0,,1.0,
2023-08-12,2023,8,12,5,Saturday,32,3,1,0,0,0,0,,1.0,
2023-08-13,2023,8,13,6,Sunday,32,3,1,0,0,0,0,,1.0,
2023-08-14,2023,8,14,0,Monday,33,3,0,0,0,0,0,,1.0,
2023-08-15,2023,8,15,1,Tuesday,33,3,0,0,0,0,0,,1.0,
2023-08-16,2023,8,16,2,Wednesday,33,3,0,0,0,0,0,,1.0,
2023-08-17,2023,8,17,3,Thursday,33,3,0,0,0,0,0,,1.0,
2023-08-18,2023,8,18,4,Friday,33,3,0,0,0,0,0,,1.0,
2023-08-19,2023,8,19,5,Saturday,33,3,1,0,0,0,0,,1.0,
2023-08-20,2023,8,20,6,Sunday,33,3,1,0,0,0,0,,1.0,
2023-08-21,2023,8,21,0,Monday,34,3,0,0,0,0,0,,1.0,
2023-08-22,2023,8,22,1,Tuesday,34,3,0,0,0,0,0,,1.0,
2023-08-23,2023,8,23,2,Wednesday,34,3,0,0,0,0,0,,1.0,
2023-08-24,2023,8,24,3,Thursday,34,3,0,0,0,0,0,,1.0,
2023-08-25,2023,8,25,4,Friday,34,3,0,0,0,0,0,,1.0,
2023-08-26,2023,8,26,5,Saturday,34,3,1,0,0,0,0,,1.0,
2023-08-27,2023,8,27,6,Sunday,34,3,1,0,0,0,0,,1.0,
2023-08-28,2023,8,28,0,Monday,35,3,0,0,0,0,0,,1.0,
2023-08-29,2023,8,29,1,Tuesday,35,3,0,0,0,0,0,,1.0,
2023-08-30,2023,8,30,2,Wednesday,35,3,0,0,0,0,0,,1.0,
2023-08-31,2023,8,31,3,Thursday,35,3,0,0,1,0,0,,1.0,
2023-09-01,2023,9,1,4,Friday,35,3,0,1,0,0,0,,1.0,
2023-09-02,2023,9,2,5,Saturday,35,3,1,0,0,0,0,,1.0,
2023-09-03,2023,9,3,6,Sunday,35,3,1,0,0,0,0,,1.0,
2023-09-04,2023,9,4,0,Monday,36,3,0,0,0,1,0,Labor Day,1.0,
2023-09-05,2023,9,5,1,Tuesday,36,3,0,0,0,1,0,Labor Day,1.0,
2023-09-06,2023,9,6,2,Wednesday,36,3,0,0,0,1,0,Labor Day,1.0,
2023-09-07,2023,9,7,3,Thursday,36,3,0,0,0,0,0,,1.0,
2023-09-08,2023,9,8,4,Friday,36,3,0,0,0,0,0,,1.0,
2023-09-09,2023,9,9,5,Saturday,36,3,1,0,0,0,0,,1.0,
2023-09-10,2023,9,10,6,Sunday,36,3,1,0,0,0,0,,1.0,
2023-09-11,2023,9,11,0,Monday,37,3,0,0,0,0,0,,1.0,
2023-09-12,2023,9,12,1,Tuesday,37,3,0,0,0,0,0,,1.0,
2023-09-13,2023,9,13,2,Wednesday,37,3,0,0,0,0,0,,1.0,
2023-09-14,2023,9,14,3,Thursday,37,3,0,0,0,0,0,,1.0,
2023-09-15,2023,9,15,4,Friday,37,3,0,0,0,0,0,,1.0,
2023-09-16,2023,9,16,5,Saturday,37,3,1,0,0,0,0,,1.0,
2023-09-17,2023,9,17,6,Sunday,37,3,1,0,0,0,0,,1.0,
2023-09-18,2023,9,18,0,Monday,38,3,0,0,0,0,0,,1.0,
2023-09-19,2023,9,19,1,Tuesday,38,3,0,0,0,0,0,,1.0,
2023-09-20,2023,9,20,2,Wednesday,38,3,0,0,0,0,0,,1.0,
2023-09-21,2023,9,21,3,Thursday,38,3,0,0,0,0,0,,1.0,
2023-09-22,2023,9,22,4,Friday,38,3,0,0,0,0,0,,1.0,
2023-09-23,2023,9,23,5,Saturday,38,3,1,0,0,0,0,,1.0,
2023-09-24,2023,9,24,6,Sunday,38,3,1,0,0,0,0,,1.0,
2023-09-25,2023,9,25,0,Monday,39,3,0,0,0,0,0,,1.0,
2023-09-26,2023,9,26,1,Tuesday,39,3,0,0,0,0,0,,1.0,
2023-09-27,2023,9,27,2,Wednesday,39,3,0,0,0,0,0,,1.0,
2023-09-28,2023,9,28,3,Thursday,39,3,0,0,0,0,0,,1.0,
2023-09-29,2023,9,29,4,Friday,39,3,0,0,0,0,0,,1.0,
2023-09-30,2023,9,30,5,Saturday,39,3,1,0,1,0,0,,1.0,
2023-10-01,2023,10,1,6,Sunday,39,4,1,1,0,0,0,,,
2023-10-02,2023,10,2,0,Monday,40,4,0,0,0,0,0,,,
2023-10-03,2023,10,3,1,Tuesday,40,4,0,0,0,0,0,,,
2023-10-04,2023,10,4,2,Wednesday,40,4,0,0,0,0,0,,,
2023-10-05,2023,10,5,3,Thursday,40,4,0,0,0,0,0,,,
2023-10-06,2023,10,6,4,Friday,40,4,0,0,0,0,0,,,
2023-10-07,2023,10,7,5,Saturday,40,4,1,0,0,0,0,,,
2023-10-08,2023,10,8,6,Sunday,40,4,1,0,0,0,0,,,
2023-10-09,2023,10,9,0,Monday,41,4,0,0,0,0,0,,,
2023-10-10,2023,10,10,1,Tuesday,41,4,0,0,0,0,0,,,
2023-10-11,2023,10,11,2,Wednesday,41,4,0,0,0,0,0,,,
2023-10-12,2023,10,12,3,Thursday,41,4,0,0,0,0,0,,,
2023-10-13,2023,10,13,4,Friday,41,4,0,0,0,0,0,,,
2023-10-14,2023,10,14,5,Saturday,41,4,1,0,0,0,0,,,
2023-10-15,2023,10,15,6,Sunday,41,4,1,0,0,0,0,,,
2023-10-16,2023,10,16,0,Monday,42,4,0,0,0,0,0,,,
2023-10-17,2023,10,17,1,Tuesday,42,4,0,0,0,0,0,,,
2023-10-18,2023,10,18,2,Wednesday,42,4,0,0,0,0,0,,,
2023-10-19,2023,10,19,3,Thursday,42,4,0,0,0,0,0,,,
2023-10-20,2023,10,20,4,Friday,42,4,0,0,0,0,0,,,
2023-10-21,2023,10,21,5,Saturday,42,4,1,0,0,0,0,,,
2023-10-22,2023,10,22,6,Sunday,42,4,1,0,0,0,0,,,
2023-10-23,2023,10,23,0,Monday,43,4,0,0,0,0,0,,,
2023-10-24,2023,10,24,1,Tuesday,43,4,0,0,0,0,0,,,
2023-10-25,2023,10,25,2,Wednesday,43,4,0,0,0,0,0,,,
2023-10-26,2023,10,26,3,Thursday,43,4,0,0,0,0,0,,,
2023-10-27,2023,10,27,4,Friday,43,4,0,0,0,0,0,,,
2023-10-28,2023,10,28,5,Saturday,43,4,1,0,0,0,0,,,
2023-10-29,2023,10,29,6,Sunday,43,4,1,0,0,0,0,,,
2023-10-30,2023,10,30,0,Monday,44,4,0,0,0,0,0,,,
2023-10-31,2023,10,31,1,Tuesday,44,4,0,0,1,1,0,Halloween,,
2023-11-01,2023,11,1,2,Wednesday,44,4,0,1,0,0,0,,,1.0
2023-11-02,2023,11,2,3,Thursday,44,4,0,0,0,0,0,,,1.0
2023-11-03,2023,11,3,4,Friday,44,4,0,0,0,0,0,,,1.0
2023-11-04,2023,11,4,5,Saturday,44,4,1,0,0,0,0,,,1.0
2023-11-05,2023,11,5,6,Sunday,44,4,1,0,0,0,0,,,1.0
2023-11-06,2023,11,6,0,Monday,45,4,0,0,0,0,0,,,1.0
2023-11-07,2023,11,7,1,Tuesday,45,4,0,0,0,0,0,,,1.0
2023-11-08,2023,11,8,2,Wednesday,45,4,0,0,0,0,0,,,1.0
2023-11-09,2023,11,9,3,Thursday,45,4,0,0,0,0,0,,,1.0
2023-11-10,2023,11,10,4,Friday,45,4,0,0,0,0,0,,,1.0
2023-11-11,2023,11,11,5,Saturday,45,4,1,0,0,0,0,,,1.0
2023-11-12,2023,11,12,6,Sunday,45,4,1,0,0,0,0,,,1.0
2023-11-13,2023,11,13,0,Monday,46,4,0,0,0,0,0,,,1.0
2023-11-14,2023,11,14,1,Tuesday,46,4,0,0,0,0,0,,,1.0
2023-11-15,2023,11,15,2,Wednesday,46,4,0,0,0,0,0,,,1.0
2023-11-16,2023,11,16,3,Thursday,46,4,0,0,0,0,0,,,1.0
2023-11-17,2023,11,17,4,Friday,46,4,0,0,0,0,0,,,1.0
2023-11-18,2023,11,18,5,Saturday,46,4,1,0,0,0,0,,,1.0
2023-11-19,2023,11,19,6,Sunday,46,4,1,0,0,0,0,,,1.0
2023-11-20,2023,11,20,0,Monday,47,4,0,0,0,0,0,,,1.0
2023-11-21,2023,11,21,1,Tuesday,47,4,0,0,0,0,0,,,1.0
2023-11-22,2023,11,22,2,Wednesday,47,4,0,0,0,0,0,,,1.0
2023-11-23,2023,11,23,3,Thursday,47,4,0,0,0,1,0,Thanksgiving,,1.0
2023-11-24,2023,11,24,4,Friday,47,4,0,0,0,1,0,Black Friday,,1.0
2023-11-25,2023,11,25,5,Saturday,47,4,1,0,0,1,0,Black Friday,,1.0
2023-11-26,2023,11,26,6,Sunday,47,4,1,0,0,0,0,,,1.0
2023-11-27,2023,11,27,0,Monday,48,4,0,0,0,1,0,Cyber Monday,,1.0
2023-11-28,2023,11,28,1,Tuesday,48,4,0,0,0,1,0,Cyber Monday,,1.0
2023-11-29,2023,11,29,2,Wednesday,48,4,0,0,0,0,0,,,1.0
2023-11-30,2023,11,30,3,Thursday,48,4,0,0,1,0,0,,,1.0
2023-12-01,2023,12,1,4,Friday,48,4,0,1,0,0,0,,,1.0
2023-12-02,2023,12,2,5,Saturday,48,4,1,0,0,0,0,,,1.0
2023-12-03,2023,12,3,6,Sunday,48,4,1,0,0,0,0,,,1.0
2023-12-04,2023,12,4,0,Monday,49,4,0,0,0,0,0,,,1.0
2023-12-05,2023,12,5,1,Tuesday,49,4,0,0,0,0,0,,,1.0
2023-12-06,2023,12,6,2,Wednesday,49,4,0,0,0,0,0,,,1.0
2023-12-07,2023,12,7,3,Thursday,49,4,0,0,0,0,0,,,1.0
2023-12-08,2023,12,8,4,Friday,49,4,0,0,0,0,0,,,1.0
2023-12-09,2023,12,9,5,Saturday,49,4,1,0,0,0,0,,,1.0
2023-12-10,2023,12,10,6,Sunday,49,4,1,0,0,0,0,,,1.0
2023-12-11,2023,12,11,0,Monday,50,4,0,0,0,0,0,,,1.0
2023-12-12,2023,12,12,1,Tuesday,50,4,0,0,0,0,0,,,1.0
2023-12-13,2023,12,13,2,Wednesday,50,4,0,0,0,0,0,,,1.0
2023-12-14,2023,12,14,3,Thursday,50,4,0,0,0,0,0,,,1.0
2023-12-15,2023,12,15,4,Friday,50,4,0,0,0,0,0,,,1.0
2023-12-16,2023,12,16,5,Saturday,50,4,1,0,0,0,0,,,1.0
2023-12-17,2023,12,17,6,Sunday,50,4,1,0,0,0,0,,,1.0
2023-12-18,2023,12,18,0,Monday,51,4,0,0,0,0,0,,,1.0
2023-12-19,2023,12,19,1,Tuesday,51,4,0,0,0,0,0,,,1.0
2023-12-20,2023,12,20,2,Wednesday,51,4,0,0,0,0,0,,,1.0
2023-12-21,2023,12,21,3,Thursday,51,4,0,0,0,0,0,,,1.0
2023-12-22,2023,12,22,4,Friday,51,4,0,0,0,0,0,,,1.0
2023-12-23,2023,12,23,5,Saturday,51,4,1,0,0,0,0,,,1.0
2023-12-24,2023,12,24,6,Sunday,51,4,1,0,0,1,0,Christmas,,1.0
2023-12-25,2023,12,25,0,Monday,52,4,0,0,0,1,0,Christmas,,1.0
2023-12-26,2023,12,26,1,Tuesday,52,4,0,0,0,1,0,Christmas,,1.0
2023-12-27,2023,12,27,2,Wednesday,52,4,0,0,0,0,0,,,1.0
2023-12-28,2023,12,28,3,Thursday,52,4,0,0,0,0,0,,,1.0
2023-12-29,2023,12,29,4,Friday,52,4,0,0,0,0,0,,,1.0
2023-12-30,2023,12,30,5,Saturday,52,4,1,0,0,0,0,,,1.0
2023-12-31,2023,12,31,6,Sunday,52,4,1,0,1,0,0,,,1.0
2024-01-01,2024,1,1,0,Monday,1,1,0,1,0,1,1,New Year,,
2024-01-02,2024,1,2,1,Tuesday,1,1,0,0,0,0,1,,,
2024-01-03,2024,1,3,2,Wednesday,1,1,0,0,0,0,1,,,
2024-01-04,2024,1,4,3,Thursday,1,1,0,0,0,0,1,,,
2024-01-05,2024,1,5,4,Friday,1,1,0,0,0,0,1,,,
2024-01-06,2024,1,6,5,Saturday,1,1,1,0,0,0,1,,,
2024-01-07,2024,1,7,6,Sunday,1,1,1,0,0,0,1,,,
2024-01-08,2024,1,8,0,Monday,2,1,0,0,0,0,1,,,
2024-01-09,2024,1,9,1,Tuesday,2,1,0,0,0,0,1,,,
2024-01-10,2024,1,10,2,Wednesday,2,1,0,0,0,0,1,,,
2024-01-11,2024,1,11,3,Thursday,2,1,0,0,0,0,1,,,
2024-01-12,2024,1,12,4,Friday,2,1,0,0,0,0,1,,,
2024-01-13,2024,1,13,5,Saturday,2,1,1,0,0,0,1,,,
2024-01-14,2024,1,14,6,Sunday,2,1,1,0,0,0,1,,,
2024-01-15,2024,1,15,0,Monday,3,1,0,0,0,0,0,,,
2024-01-16,2024,1,16,1,Tuesday,3,1,0,0,0,0,0,,,
2024-01-17,2024,1,17,2,Wednesday,3,1,0,0,0,0,0,,,
2024-01-18,2024,1,18,3,Thursday,3,1,0,0,0,0,0,,,
2024-01-19,2024,1,19,4,Friday,3,1,0,0,0,0,0,,,
2024-01-20,2024,1,20,5,Saturday,3,1,1,0,0,0,0,,,
2024-01-21,2024,1,21,6,Sunday,3,1,1,0,0,0,0,,,
2024-01-22,2024,1,22,0,Monday,4,1,0,0,0,0,0,,,
2024-01-23,2024,1,23,1,Tuesday,4,1,0,0,0,0,0,,,
2024-01-24,2024,1,24,2,Wednesday,4,1,0,0,0,0,0,,,
2024-01-25,2024,1,25,3,Thursday,4,1,0,0,0,0,0,,,
2024-01-26,2024,1,26,4,Friday,4,1,0,0,0,0,0,,,
2024-01-27,2024,1,27,5,Saturday,4,1,1,0,0,0,0,,,
2024-01-28,2024,1,28,6,Sunday,4,1,1,0,0,0,0,,,
2024-01-29,2024,1,29,0,Monday,5,1,0,0,0,0,0,,,
2024-01-30,2024,1,30,1,Tuesday,5,1,0,0,0,0,0,,,
2024-01-31,2024,1,31,2,Wednesday,5,1,0,0,1,0,0,,,
2024-02-01,2024,2,1,3,Thursday,5,1,0,1,0,0,0,,,
2024-02-02,2024,2,2,4,Friday,5,1,0,0,0,0,0,,,
2024-02-03,2024,2,3,5,Saturday,5,1,1,0,0,0,0,,,
2024-02-04,2024,2,4,6,Sunday,5,1,1,0,0,0,0,,,
2024-02-05,2024,2,5,0,Monday,6,1,0,0,0,0,0,,,
2024-02-06,2024,2,6,1,Tuesday,6,1,0,0,0,0,0,,,
2024-02-07,2024,2,7,2,Wednesday,6,1,0,0,0,0,0,,,
2024-02-08,2024,2,8,3,Thursday,6,1,0,0,0,0,0,,,
2024-02-09,2024,2,9,4,Friday,6,1,0,0,0,0,0,,,
2024-02-10,2024,2,10,5,Saturday,6,1,1,0,0,0,0,,,
2024-02-11,2024,2,11,6,Sunday,6,1,1,0,0,0,0,,,
2024-02-12,2024,2,12,0,Monday,7,1,0,0,0,0,0,,,
2024-02-13,2024,2,13,1,Tuesday,7,1,0,0,0,0,0,,,
2024-02-14,2024,2,14,2,Wednesday,7,1,0,0,0,1,0,Valentine,,
2024-02-15,2024,2,15,3,Thursday,7,1,0,0,0,0,0,,,
2024-02-16,2024,2,16,4,Friday,7,1,0,0,0,0,0,,,
2024-02-17,2024,2,17,5,Saturday,7,1,1,0,0,0,0,,,
2024-02-18,2024,2,18,6,Sunday,7,1,1,0,0,0,0,,,
2024-02-19,2024,2,19,0,Monday,8,1,0,0,0,0,0,,,
2024-02-20,2024,2,20,1,Tuesday,8,1,0,0,0,0,0,,,
2024-02-21,2024,2,21,2,Wednesday,8,1,0,0,0,0,0,,,
2024-02-22,2024,2,22,3,Thursday,8,1,0,0,0,0,0,,,
2024-02-23,2024,2,23,4,Friday,8,1,0,0,0,0,0,,,
2024-02-24,2024,2,24,5,Saturday,8,1,1,0,0,0,0,,,
2024-02-25,2024,2,25,6,Sunday,8,1,1,0,0,0,0,,,
2024-02-26,2024,2,26,0,Monday,9,1,0,0,0,0,0,,,
2024-02-27,2024,2,27,1,Tuesday,9,1,0,0,0,0,0,,,
2024-02-28,2024,2,28,2,Wednesday,9,1,0,0,0,0,0,,,
2024-02-29,2024,2,29,3,Thursday,9,1,0,0,1,0,0,,,
2024-03-01,2024,3,1,4,Friday,9,1,0,1,0,0,0,,,
2024-03-02,2024,3,2,5,Saturday,9,1,1,0,0,0,0,,,
2024-03-03,2024,3,3,6,Sunday,9,1,1,0,0,0,0,,,
2024-03-04,2024,3,4,0,Monday,10,1,0,0,0,0,1,,,
2024-03-05,2024,3,5,1,Tuesday,10,1,0,0,0,0,1,,,
2024-03-06,2024,3,6,2,Wednesday,10,1,0,0,0,0,1,,,
2024-03-07,2024,3,7,3,Thursday,10,1,0,0,0,0,1,,,
2024-03-08,2024,3,8,4,Friday,10,1,0,0,0,0,1,,,
2024-03-09,2024,3,9,5,Saturday,10,1,1,0,0,0,1,,,
2024-03-10,2024,3,10,6,Sunday,10,1,1,0,0,0,1,,,
2024-03-11,2024,3,11,0,Monday,11,1,0,0,0,0,0,,,
2024-03-12,2024,3,12,1,Tuesday,11,1,0,0,0,0,0,,,
2024-03-13,2024,3,13,2,Wednesday,11,1,0,0,0,0,0,,,
2024-03-14,2024,3,14,3,Thursday,11,1,0,0,0,0,0,,,
2024-03-15,2024,3,15,4,Friday,11,1,0,0,0,0,0,,,
2024-03-16,2024,3,16,5,Saturday,11,1,1,0,0,0,0,,,
2024-03-17,2024,3,17,6,Sunday,11,1,1,0,0,0,0,,,
2024-03-18,2024,3,18,0,Monday,12,1,0,0,0,0,0,,,
2024-03-19,2024,3,19,1,Tuesday,12,1,0,0,0,0,0,,,
2024-03-20,2024,3,20,2,Wednesday,12,1,0,0,0,0,0,,,
2024-03-21,2024,3,21,3,Thursday,12,1,0,0,0,0,0,,,
2024-03-22,2024,3,22,4,Friday,12,1,0,0,0,0,0,,,
2024-03-23,2024,3,23,5,Saturday,12,1,1,0,0,0,0,,,
2024-03-24,2024,3,24,6,Sunday,12,1,1,0,0,0,0,,,
2024-03-25,2024,3,25,0,Monday,13,1,0,0,0,0,0,,,
2024-03-26,2024,3,26,1,Tuesday,13,1,0,0,0,0,0,,,
2024-03-27,2024,3,27,2,Wednesday,13,1,0,0,0,0,0,,,
2024-03-28,2024,3,28,3,Thursday,13,1,0,0,0,0,0,,,
2024-03-29,2024,3,29,4,Friday,13,1,0,0,0,0,0,,,
2024-03-30,2024,3,30,5,Saturday,13,1,1,0,0,0,0,,,
2024-03-31,2024,3,31,6,Sunday,13,1,1,0,1,0,0,,,
2024-04-01,2024,4,1,0,Monday,14,2,0,1,0,0,0,,,
2024-04-02,2024,4,2,1,Tuesday,14,2,0,0,0,0,0,,,
2024-04-03,2024,4,3,2,Wednesday,14,2,0,0,0,0,0,,,
2024-04-04,2024,4,4,3,Thursday,14,2,0,0,0,0,0,,,
2024-04-05,2024,4,5,4,Friday,14,2,0,0,0,0,0,,,
2024-04-06,2024,4,6,5,Saturday,14,2,1,0,0,0,0,,,
2024-04-07,2024,4,7,6,Sunday,14,2,1,0,0,0,0,,,
2024-04-08,2024,4,8,0,Monday,15,2,0,0,0,0,1,,,
2024-04-09,2024,4,9,1,Tuesday,15,2,0,0,0,1,1,Easter,,
2024-04-10,2024,4,10,2,Wednesday,15,2,0,0,0,0,1,,,
2024-04-11,2024,4,11,3,Thursday,15,2,0,0,0,0,1,,,
2024-04-12,2024,4,12,4,Friday,15,2,0,0,0,0,1,,,
2024-04-13,2024,4,13,5,Saturday,15,2,1,0,0,0,1,,,
2024-04-14,2024,4,14,6,Sunday,15,2,1,0,0,0,1,,,
2024-04-15,2024,4,15,0,Monday,16,2,0,0,0,0,0,,,
2024-04-16,2024,4,16,1,Tuesday,16,2,0,0,0,0,0,,,
2024-04-17,2024,4,17,2,Wednesday,16,2,0,0,0,1,0,Easter,,
2024-04-18,2024,4,18,3,Thursday,16,2,0,0,0,0,0,,,
2024-04-19,2024,4,19,4,Friday,16,2,0,0,0,0,0,,,
2024-04-20,2024,4,20,5,Saturday,16,2,1,0,0,0,0,,,
2024-04-21,2024,4,21,6,Sunday,16,2,1,0,0,0,0,,,
2024-04-22,2024,4,22,0,Monday,17,2,0,0,0,0,1,,,
2024-04-23,2024,4,23,1,Tuesday,17,2,0,0,0,0,1,,,
2024-04-24,2024,4,24,2,Wednesday,17,2,0,0,0,0,1,,,
2024-04-25,2024,4,25,3,Thursday,17,2,0,0,0,0,1,,,
2024-04-26,2024,4,26,4,Friday,17,2,0,0,0,0,1,,,
2024-04-27,2024,4,27,5,Saturday,17,2,1,0,0,0,1,,,
2024-04-28,2024,4,28,6,Sunday,17,2,1,0,0,0,1,,,
2024-04-29,2024,4,29,0,Monday,18,2,0,0,0,0,0,,,
2024-04-30,2024,4,30,1,Tuesday,18,2,0,0,1,0,0,,,
2024-05-01,2024,5,1,2,Wednesday,18,2,0,1,0,0,0,,,
2024-05-02,2024,5,2,3,Thursday,18,2,0,0,0,0,0,,,
2024-05-03,2024,5,3,4,Friday,18,2,0,0,0,0,0,,,
2024-05-04,2024,5,4,5,Saturday,18,2,1,0,0,0,0,,,
2024-05-05,2024,5,5,6,Sunday,18,2,1,0,0,0,0,,,
2024-05-06,2024,5,6,0,Monday,19,2,0,0,0,0,0,,,
2024-05-07,2024,5,7,1,Tuesday,19,2,0,0,0,0,0,,,
2024-05-08,2024,5,8,2,Wednesday,19,2,0,0,0,0,0,,,
2024-05-09,2024,5,9,3,Thursday,19,2,0,0,0,0,0,,,
2024-05-10,2024,5,10,4,Friday,19,2,0,0,0,0,0,,,
2024-05-11,2024,5,11,5,Saturday,19,2,1,0,0,0,0,,,
2024-05-12,2024,5,12,6,Sunday,19,2,1,0,0,0,0,,,
2024-05-13,2024,5,13,0,Monday,20,2,0,0,0,0,0,,,
2024-05-14,2024,5,14,1,Tuesday,20,2,0,0,0,0,0,,,
2024-05-15,2024,5,15,2,Wednesday,20,2,0,0,0,0,0,,,
2024-05-16,2024,5,16,3,Thursday,20,2,0,0,0,0,0,,,
2024-05-17,2024,5,17,4,Friday,20,2,0,0,0,0,0,,,
2024-05-18,2024,5,18,5,Saturday,20,2,1,0,0,0,0,,,
2024-05-19,2024,5,19,6,Sunday,20,2,1,0,0,0,0,,,
2024-05-20,2024,5,20,0,Monday,21,2,0,0,0,0,0,,,
2024-05-21,2024,5,21,1,Tuesday,21,2,0,0,0,0,0,,,
2024-05-22,2024,5,22,2,Wednesday,21,2,0,0,0,0,0,,,
2024-05-23,2024,5,23,3,Thursday,21,2,0,0,0,0,0,,,
2024-05-24,2024,5,24,4,Friday,21,2,0,0,0,0,0,,,
2024-05-25,2024,5,25,5,Saturday,21,2,1,0,0,0,0,,,
2024-05-26,2024,5,26,6,Sunday,21,2,1,0,0,0,0,,,
2024-05-27,2024,5,27,0,Monday,22,2,0,0,0,0,0,,,
2024-05-28,2024,5,28,1,Tuesday,22,2,0,0,0,0,0,,,
2024-05-29,2024,5,29,2,Wednesday,22,2,0,0,0,1,0,Memorial Day,,
2024-05-30,2024,5,30,3,Thursday,22,2,0,0,0,1,0,Memorial Day,,
2024-05-31,2024,5,31,4,Friday,22,2,0,0,1,1,0,Memorial Day,,
2024-06-01,2024,6,1,5,Saturday,22,2,1,1,0,0,0,,,
2024-06-02,2024,6,2,6,Sunday,22,2,1,0,0,0,0,,,
2024-06-03,2024,6,3,0,Monday,23,2,0,0,0,0,0,,,
2024-06-04,2024,6,4,1,Tuesday,23,2,0,0,0,0,0,,,
2024-06-05,2024,6,5,2,Wednesday,23,2,0,0,0,0,0,,,
2024-06-06,2024,6,6,3,Thursday,23,2,0,0,0,0,0,,,
2024-06-07,2024,6,7,4,Friday,23,2,0,0,0,0,0,,,
2024-06-08,2024,6,8,5,Saturday,23,2,1,0,0,0,0,,,
2024-06-09,2024,6,9,6,Sunday,23,2,1,0,0,0,0,,,
2024-06-10,2024,6,10,0,Monday,24,2,0,0,0,0,0,,,
2024-06-11,2024,6,11,1,Tuesday,24,2,0,0,0,0,0,,,
2024-06-12,2024,6,12,2,Wednesday,24,2,0,0,0,0,0,,,
2024-06-13,2024,6,13,3,Thursday,24,2,0,0,0,0,0,,,
2024-06-14,2024,6,14,4,Friday,24,2,0,0,0,0,0,,,
2024-06-15,2024,6,15,5,Saturday,24,2,1,0,0,0,0,,,
2024-06-16,2024,6,16,6,Sunday,24,2,1,0,0,0,0,,,
2024-06-17,2024,6,17,0,Monday,25,2,0,0,0,0,0,,,
2024-06-18,2024,6,18,1,Tuesday,25,2,0,0,0,0,0,,,
2024-06-19,2024,6,19,2,Wednesday,25,2,0,0,0,0,0,,,
2024-06-20,2024,6,20,3,Thursday,25,2,0,0,0,0,0,,,
2024-06-21,2024,6,21,4,Friday,25,2,0,0,0,0,0,,,
2024-06-22,2024,6,22,5,Saturday,25,2,1,0,0,0,0,,,
2024-06-23,2024,6,23,6,Sunday,25,2,1,0,0,0,0,,,
2024-06-24,2024,6,24,0,Monday,26,2,0,0,0,0,0,,,
2024-06-25,2024,6,25,1,Tuesday,26,2,0,0,0,0,0,,,
2024-06-26,2024,6,26,2,Wednesday,26,2,0,0,0,0,0,,,
2024-06-27,2024,6,27,3,Thursday,26,2,0,0,0,0,0,,,
2024-06-28,2024,6,28,4,Friday,26,2,0,0,0,0,0,,,
2024-06-29,2024,6,29,5,Saturday,26,2,1,0,0,0,0,,,
2024-06-30,2024,6,30,6,Sunday,26,2,1,0,1,0,0,,,
2024-07-01,2024,7,1,0,Monday,27,3,0,1,0,0,1,,,
2024-07-02,2024,7,2,1,Tuesday,27,3,0,0,0,0,1,,,
2024-07-03,2024,7,3,2,Wednesday,27,3,0,0,0,0,1,,,
2024-07-04,2024,7,4,3,Thursday,27,3,0,0,0,1,1,Independence Day,,
2024-07-05,2024,7,5,4,Friday,27,3,0,0,0,0,1,,,
2024-07-06,2024,7,6,5,Saturday,27,3,1,0,0,0,1,,,
2024-07-07,2024,7,7,6,Sunday,27,3,1,0,0,0,1,,,
2024-07-08,2024,7,8,0,Monday,28,3,0,0,0,0,0,,,
2024-07-09,2024,7,9,1,Tuesday,28,3,0,0,0,0,0,,,
2024-07-10,2024,7,10,2,Wednesday,28,3,0,0,0,0,0,,,
2024-07-11,2024,7,11,3,Thursday,28,3,0,0,0,0,0,,,
2024-07-12,2024,7,12,4,Friday,28,3,0,0,0,0,0,,,
2024-07-13,2024,7,13,5,Saturday,28,3,1,0,0,0,0,,,
2024-07-14,2024,7,14,6,Sunday,28,3,1,0,0,0,0,,,
2024-07-15,2024,7,15,0,Monday,29,3,0,0,0,0,0,,,
2024-07-16,2024,7,16,1,Tuesday,29,3,0,0,0,0,0,,,
2024-07-17,2024,7,17,2,Wednesday,29,3,0,0,0,0,0,,,
2024-07-18,2024,7,18,3,Thursday,29,3,0,0,0,0,0,,,
2024-07-19,2024,7,19,4,Friday,29,3,0,0,0,0,0,,,
2024-07-20,2024,7,20,5,Saturday,29,3,1,0,0,0,0,,,
2024-07-21,2024,7,21,6,Sunday,29,3,1,0,0,0,0,,,
2024-07-22,2024,7,22,0,Monday,30,3,0,0,0,0,1,,,
2024-07-23,2024,7,23,1,Tuesday,30,3,0,0,0,0,1,,,
2024-07-24,2024,7,24,2,Wednesday,30,3,0,0,0,0,1,,,
2024-07-25,2024,7,25,3,Thursday,30,3,0,0,0,0,1,,,
2024-07-26,2024,7,26,4,Friday,30,3,0,0,0,0,1,,,
2024-07-27,2024,7,27,5,Saturday,30,3,1,0,0,0,1,,,
2024-07-28,2024,7,28,6,Sunday,30,3,1,0,0,0,1,,,
2024-07-29,2024,7,29,0,Monday,31,3,0,0,0,0,0,,,
2024-07-30,2024,7,30,1,Tuesday,31,3,0,0,0,0,0,,,
2024-07-31,2024,7,31,2,Wednesday,31,3,0,0,1,0,0,,,
2024-08-01,2024,8,1,3,Thursday,31,3,0,1,0,0,0,,1.0,
2024-08-02,2024,8,2,4,Friday,31,3,0,0,0,0,0,,1.0,
2024-08-03,2024,8,3,5,Saturday,31,3,1,0,0,0,0,,1.0,
2024-08-04,2024,8,4,6,Sunday,31,3,1,0,0,0,0,,1.0,
2024-08-05,2024,8,5,0,Monday,32,3,0,0,0,0,0,,1.0,
2024-08-06,2024,8,6,1,Tuesday,32,3,0,0,0,0,0,,1.0,
2024-08-07,2024,8,7,2,Wednesday,32,3,0,0,0,0,0,,1.0,
2024-08-08,2024,8,8,3,Thursday,32,3,0,0,0,0,0,,1.0,
2024-08-09,2024,8,9,4,Friday,32,3,0,0,0,0,0,,1.0,
2024-08-10,2024,8,10,5,Saturday,32,3,1,0,0,0,0,,1.0,
2024-08-11,2024,8,11,6,Sunday,32,3,1,0,0,0,0,,1.0,
2024-08-12,2024,8,12,0,Monday,33,3,0,0,0,0,1,,1.0,
2024-08-13,2024,8,13,1,Tuesday,33,3,0,0,0,0,1,,1.0,
2024-08-14,2024,8,14,2,Wednesday,33,3,0,0,0,0,1,,1.0,
2024-08-15,2024,8,15,3,Thursday,33,3,0,0,0,0,1,,1.0,
2024-08-16,2024,8,16,4,Friday,33,3,0,0,0,0,1,,1.0,
2024-08-17,2024,8,17,5,Saturday,33,3,1,0,0,0,1,,1.0,
2024-08-18,2024,8,18,6,Sunday,33,3,1,0,0,0,1,,1.0,
2024-08-19,2024,8,19,0,Monday,34,3,0,0,0,0,0,,1.0,
2024-08-20,2024,8,20,1,Tuesday,34,3,0,0,0,0,0,,1.0,
2024-08-21,2024,8,21,2,Wednesday,34,3,0,0,0,0,0,,1.0,
2024-08-22,2024,8,22,3,Thursday,34,3,0,0,0,0,0,,1.0,
2024-08-23,2024,8,23,4,Friday,34,3,0,0,0,0,0,,1.0,
2024-08-24,2024,8,24,5,Saturday,34,3,1,0,0,0,0,,1.0,
2024-08-25,2024,8,25,6,Sunday,34,3,1,0,0,0,0,,1.0,
2024-08-26,2024,8,26,0,Monday,35,3,0,0,0,0,0,,1.0,
2024-08-27,2024,8,27,1,Tuesday,35,3,0,0,0,0,0,,1.0,
2024-08-28,2024,8,28,2,Wednesday,35,3,0,0,0,0,0,,1.0,
2024-08-29,2024,8,29,3,Thursday,35,3,0,0,0,0,0,,1.0,
2024-08-30,2024,8,30,4,Friday,35,3,0,0,0,0,0,,1.0,
2024-08-31,2024,8,31,5,Saturday,35,3,1,0,1,0,0,,1.0,
2024-09-01,2024,9,1,6,Sunday,35,3,1,1,0,0,0,,1.0,
2024-09-02,2024,9,2,0,Monday,36,3,0,0,0,0,0,,1.0,
2024-09-03,2024,9,3,1,Tuesday,36,3,0,0,0,0,0,,1.0,
2024-09-04,2024,9,4,2,Wednesday,36,3,0,0,0,1,0,Labor Day,1.0,
2024-09-05,2024,9,5,3,Thursday,36,3,0,0,0,1,0,Labor Day,1.0,
2024-09-06,2024,9,6,4,Friday,36,3,0,0,0,1,0,Labor Day,1.0,
2024-09-07,2024,9,7,5,Saturday,36,3,1,0,0,0,0,,1.0,
2024-09-08,2024,9,8,6,Sunday,36,3,1,0,0,0,0,,1.0,
2024-09-09,2024,9,9,0,Monday,37,3,0,0,0,0,0,,1.0,
2024-09-10,2024,9,10,1,Tuesday,37,3,0,0,0,0,0,,1.0,
2024-09-11,2024,9,11,2,Wednesday,37,3,0,0,0,0,0,,1.0,
2024-09-12,2024,9,12,3,Thursday,37,3,0,0,0,0,0,,1.0,
2024-09-13,2024,9,13,4,Friday,37,3,0,0,0,0,0,,1.0,
2024-09-14,2024,9,14,5,Saturday,37,3,1,0,0,0,0,,1.0,
2024-09-15,2024,9,15,6,Sunday,37,3,1,0,0,0,0,,1.0,
2024-09-16,2024,9,16,0,Monday,38,3,0,0,0,0,0,,1.0,
2024-09-17,2024,9,17,1,Tuesday,38,3,0,0,0,0,0,,1.0,
2024-09-18,2024,9,18,2,Wednesday,38,3,0,0,0,0,0,,1.0,
2024-09-19,2024,9,19,3,Thursday,38,3,0,0,0,0,0,,1.0,
2024-09-20,2024,9,20,4,Friday,38,3,0,0,0,0,0,,1.0,
2024-09-21,2024,9,21,5,Saturday,38,3,1,0,0,0,0,,1.0,
2024-09-22,2024,9,22,6,Sunday,38,3,1,0,0,0,0,,1.0,
2024-09-23,2024,9,23,0,Monday,39,3,0,0,0,0,1,,1.0,
2024-09-24,2024,9,24,1,Tuesday,39,3,0,0,0,0,1,,1.0,
2024-09-25,2024,9,25,2,Wednesday,39,3,0,0,0,0,1,,1.0,
2024-09-26,2024,9,26,3,Thursday,39,3,0,0,0,0,1,,1.0,
2024-09-27,2024,9,27,4,Friday,39,3,0,0,0,0,1,,1.0,
2024-09-28,2024,9,28,5,Saturday,39,3,1,0,0,0,1,,1.0,
2024-09-29,2024,9,29,6,Sunday,39,3,1,0,0,0,1,,1.0,
2024-09-30,2024,9,30,0,Monday,40,3,0,0,1,0,0,,1.0,
2024-10-01,2024,10,1,1,Tuesday,40,4,0,1,0,0,0,,,
2024-10-02,2024,10,2,2,Wednesday,40,4,0,0,0,0,0,,,
2024-10-03,2024,10,3,3,Thursday,40,4,0,0,0,0,0,,,
2024-10-04,2024,10,4,4,Friday,40,4,0,0,0,0,0,,,
2024-10-05,2024,10,5,5,Saturday,40,4,1,0,0,0,0,,,
2024-10-06,2024,10,6,6,Sunday,40,4,1,0,0,0,0,,,
2024-10-07,2024,10,7,0,Monday,41,4,0,0,0,0,0,,,
2024-10-08,2024,10,8,1,Tuesday,41,4,0,0,0,0,0,,,
2024-10-09,2024,10,9,2,Wednesday,41,4,0,0,0,0,0,,,
2024-10-10,2024,10,10,3,Thursday,41,4,0,0,0,0,0,,,
2024-10-11,2024,10,11,4,Friday,41,4,0,0,0,0,0,,,
2024-10-12,2024,10,12,5,Saturday,41,4,1,0,0,0,0,,,
2024-10-13,2024,10,13,6,Sunday,41,4,1,0,0,0,0,,,
2024-10-14,2024,10,14,0,Monday,42,4,0,0,0,0,1,,,
2024-10-15,2024,10,15,1,Tuesday,42,4,0,0,0,0,1,,,
2024-10-16,2024,10,16,2,Wednesday,42,4,0,0,0,0,1,,,
2024-10-17,2024,10,17,3,Thursday,42,4,0,0,0,0,1,,,
2024-10-18,2024,10,18,4,Friday,42,4,0,0,0,0,1,,,
2024-10-19,2024,10,19,5,Saturday,42,4,1,0,0,0,1,,,
2024-10-20,2024,10,20,6,Sunday,42,4,1,0,0,0,1,,,
2024-10-21,2024,10,21,0,Monday,43,4,0,0,0,0,0,,,
2024-10-22,2024,10,22,1,Tuesday,43,4,0,0,0,0,0,,,
2024-10-23,2024,10,23,2,Wednesday,43,4,0,0,0,0,0,,,
2024-10-24,2024,10,24,3,Thursday,43,4,0,0,0,0,0,,,
2024-10-25,2024,10,25,4,Friday,43,4,0,0,0,0,0,,,
2024-10-26,2024,10,26,5,Saturday,43,4,1,0,0,0,0,,,
2024-10-27,2024,10,27,6,Sunday,43,4,1,0,0,0,0,,,
2024-10-28,2024,10,28,0,Monday,44,4,0,0,0,0,1,,,
2024-10-29,2024,10,29,1,Tuesday,44,4,0,0,0,0,1,,,
2024-10-30,2024,10,30,2,Wednesday,44,4,0,0,0,0,1,,,
2024-10-31,2024,10,31,3,Thursday,44,4,0,0,1,1,1,Halloween,,
2024-11-01,2024,11,1,4,Friday,44,4,0,1,0,0,1,,,1.0
2024-11-02,2024,11,2,5,Saturday,44,4,1,0,0,0,1,,,1.0
2024-11-03,2024,11,3,6,Sunday,44,4,1,0,0,0,1,,,1.0
2024-11-04,2024,11,4,0,Monday,45,4,0,0,0,0,0,,,1.0
2024-11-05,2024,11,5,1,Tuesday,45,4,0,0,0,0,0,,,1.0
2024-11-06,2024,11,6,2,Wednesday,45,4,0,0,0,0,0,,,1.0
2024-11-07,2024,11,7,3,Thursday,45,4,0,0,0,0,0,,,1.0
2024-11-08,2024,11,8,4,Friday,45,4,0,0,0,0,0,,,1.0
2024-11-09,2024,11,9,5,Saturday,45,4,1,0,0,0,0,,,1.0
2024-11-10,2024,11,10,6,Sunday,45,4,1,0,0,0,0,,,1.0
2024-11-11,2024,11,11,0,Monday,46,4,0,0,0,0,0,,,1.0
2024-11-12,2024,11,12,1,Tuesday,46,4,0,0,0,0,0,,,1.0
2024-11-13,2024,11,13,2,Wednesday,46,4,0,0,0,0,0,,,1.0
2024-11-14,2024,11,14,3,Thursday,46,4,0,0,0,0,0,,,1.0
2024-11-15,2024,11,15,4,Friday,46,4,0,0,0,0,0,,,1.0
2024-11-16,2024,11,16,5,Saturday,46,4,1,0,0,0,0,,,1.0
2024-11-17,2024,11,17,6,Sunday,46,4,1,0,0,0,0,,,1.0
2024-11-18,2024,11,18,0,Monday,47,4,0,0,0,0,0,,,1.0
2024-11-19,2024,11,19,1,Tuesday,47,4,0,0,0,0,0,,,1.0
2024-11-20,2024,11,20,2,Wednesday,47,4,0,0,0,0,0,,,1.0
2024-11-21,2024,11,21,3,Thursday,47,4,0,0,0,0,0,,,1.0
2024-11-22,2024,11,22,4,Friday,47,4,0,0,0,0,0,,,1.0
2024-11-23,2024,11,23,5,Saturday,47,4,1,0,0,1,0,Thanksgiving,,1.0
2024-11-24,2024,11,24,6,Sunday,47,4,1,0,0,1,0,Black Friday,,1.0
2024-11-25,2024,11,25,0,Monday,48,4,0,0,0,1,1,Black Friday,,1.0
2024-11-26,2024,11,26,1,Tuesday,48,4,0,0,0,0,1,,,1.0
2024-11-27,2024,11,27,2,Wednesday,48,4,0,0,0,1,1,Cyber Monday,,1.0
2024-11-28,2024,11,28,3,Thursday,48,4,0,0,0,1,1,Cyber Monday,,1.0
2024-11-29,2024,11,29,4,Friday,48,4,0,0,0,0,1,,,1.0
2024-11-30,2024,11,30,5,Saturday,48,4,1,0,1,0,1,,,1.0
2024-12-01,2024,12,1,6,Sunday,48,4,1,1,0,0,1,,,1.0
2024-12-02,2024,12,2,0,Monday,49,4,0,0,0,0,0,,,1.0
2024-12-03,2024,12,3,1,Tuesday,49,4,0,0,0,0,0,,,1.0
2024-12-04,2024,12,4,2,Wednesday,49,4,0,0,0,0,0,,,1.0
2024-12-05,2024,12,5,3,Thursday,49,4,0,0,0,0,0,,,1.0
2024-12-06,2024,12,6,4,Friday,49,4,0,0,0,0,0,,,1.0
2024-12-07,2024,12,7,5,Saturday,49,4,1,0,0,0,0,,,1.0
2024-12-08,2024,12,8,6,Sunday,49,4,1,0,0,0,0,,,1.0
2024-12-09,2024,12,9,0,Monday,50,4,0,0,0,0,1,,,1.0
2024-12-10,2024,12,10,1,Tuesday,50,4,0,0,0,0,1,,,1.0
2024-12-11,2024,12,11,2,Wednesday,50,4,0,0,0,0,1,,,1.0
2024-12-12,2024,12,12,3,Thursday,50,4,0,0,0,0,1,,,1.0
2024-12-13,2024,12,13,4,Friday,50,4,0,0,0,0,1,,,1.0
2024-12-14,2024,12,14,5,Saturday,50,4,1,0,0,0,1,,,1.0
2024-12-15,2024,12,15,6,Sunday,50,4,1,0,0,0,1,,,1.0
2024-12-16,2024,12,16,0,Monday,51,4,0,0,0,0,0,,,1.0
2024-12-17,2024,12,17,1,Tuesday,51,4,0,0,0,0,0,,,1.0
2024-12-18,2024,12,18,2,Wednesday,51,4,0,0,0,0,0,,,1.0
2024-12-19,2024,12,19,3,Thursday,51,4,0,0,0,0,0,,,1.0
2024-12-20,2024,12,20,4,Friday,51,4,0,0,0,0,0,,,1.0
2024-12-21,2024,12,21,5,Saturday,51,4,1,0,0,0,0,,,1.0
2024-12-22,2024,12,22,6,Sunday,51,4,1,0,0,0,0,,,1.0
2024-12-23,2024,12,23,0,Monday,52,4,0,0,0,0,0,,,1.0
2024-12-24,2024,12,24,1,Tuesday,52,4,0,0,0,1,0,Christmas,,1.0
2024-12-25,2024,12,25,2,Wednesday,52,4,0,0,0,1,0,Christmas,,1.0
2024-12-26,2024,12,26,3,Thursday,52,4,0,0,0,1,0,Christmas,,1.0
2024-12-27,2024,12,27,4,Friday,52,4,0,0,0,0,0,,,1.0
2024-12-28,2024,12,28,5,Saturday,52,4,1,0,0,0,0,,,1.0
2024-12-29,2024,12,29,6,Sunday,52,4,1,0,0,0,0,,,1.0
2024-12-30,2024,12,30,0,Monday,1,4,0,0,0,0,1,,,1.0
2024-12-31,2024,12,31,1,Tuesday,1,4,0,0,1,0,1,,,1.0
